stem,range_m,gt_bearing_deg,blur_px,angle_deg,nn_fired,nn_matched,nn_center_err_px,nn_dbearing_deg,nn_conf,csrt_ok,csrt_held,csrt_center_err_px
00051_grid_r001.5_b+25.0_h0.25_yaw+135.0,1.5,-25.88,0,0.0,0,0,,,,1,1,1.58
00051_grid_r001.5_b+25.0_h0.25_yaw+135.0,1.5,-25.88,2,0.0,0,0,,,,1,1,1.71
00051_grid_r001.5_b+25.0_h0.25_yaw+135.0,1.5,-25.88,3,0.0,0,0,,,,1,1,2.2
00051_grid_r001.5_b+25.0_h0.25_yaw+135.0,1.5,-25.88,4,0.0,0,0,,,,1,1,2.2
00051_grid_r001.5_b+25.0_h0.25_yaw+135.0,1.5,-25.88,6,0.0,0,0,,,,1,1,3.15
00051_grid_r001.5_b+25.0_h0.25_yaw+135.0,1.5,-25.88,8,0.0,0,0,,,,1,1,3.54
00051_grid_r001.5_b+25.0_h0.25_yaw+135.0,1.5,-25.88,12,0.0,0,0,,,,1,1,2.86
00054_grid_r001.5_b+25.0_h0.25_yaw-090.0,1.5,-25.88,0,0.0,1,0,112.41,0.004,0.313,1,1,0.22
00054_grid_r001.5_b+25.0_h0.25_yaw-090.0,1.5,-25.88,2,0.0,0,0,,,,1,1,0.53
00054_grid_r001.5_b+25.0_h0.25_yaw-090.0,1.5,-25.88,3,0.0,1,0,112.08,0.069,0.253,1,1,0.97
00054_grid_r001.5_b+25.0_h0.25_yaw-090.0,1.5,-25.88,4,0.0,0,0,,,,1,1,0.79
00054_grid_r001.5_b+25.0_h0.25_yaw-090.0,1.5,-25.88,6,0.0,0,0,,,,1,1,0.22
00054_grid_r001.5_b+25.0_h0.25_yaw-090.0,1.5,-25.88,8,0.0,0,0,,,,1,1,0.22
00054_grid_r001.5_b+25.0_h0.25_yaw-090.0,1.5,-25.88,12,0.0,0,0,,,,1,1,1.54
00061_grid_r001.5_b+25.0_h0.50_yaw-135.0,1.5,-25.88,0,0.0,1,1,18.87,1.144,0.972,1,1,0.95
00061_grid_r001.5_b+25.0_h0.50_yaw-135.0,1.5,-25.88,2,0.0,1,1,18.48,1.13,0.972,1,1,0.95
00061_grid_r001.5_b+25.0_h0.50_yaw-135.0,1.5,-25.88,3,0.0,1,1,18.99,1.162,0.972,1,1,1.95
00061_grid_r001.5_b+25.0_h0.50_yaw-135.0,1.5,-25.88,4,0.0,1,1,18.43,1.127,0.97,1,1,1.54
00061_grid_r001.5_b+25.0_h0.50_yaw-135.0,1.5,-25.88,6,0.0,1,1,18.44,1.133,0.967,1,1,1.95
00061_grid_r001.5_b+25.0_h0.50_yaw-135.0,1.5,-25.88,8,0.0,1,1,18.57,1.142,0.963,1,1,1.95
00061_grid_r001.5_b+25.0_h0.50_yaw-135.0,1.5,-25.88,12,0.0,1,1,18.82,1.207,0.957,1,1,1.52
00064_grid_r001.5_b+25.0_h1.50_yaw+000.0,1.5,-25.88,0,0.0,0,0,,,,1,1,1.46
00064_grid_r001.5_b+25.0_h1.50_yaw+000.0,1.5,-25.88,2,0.0,0,0,,,,1,1,0.76
00064_grid_r001.5_b+25.0_h1.50_yaw+000.0,1.5,-25.88,3,0.0,0,0,,,,1,1,2.11
00064_grid_r001.5_b+25.0_h1.50_yaw+000.0,1.5,-25.88,4,0.0,0,0,,,,1,1,1.11
00064_grid_r001.5_b+25.0_h1.50_yaw+000.0,1.5,-25.88,6,0.0,0,0,,,,1,1,2.67
00064_grid_r001.5_b+25.0_h1.50_yaw+000.0,1.5,-25.88,8,0.0,0,0,,,,1,1,2.36
00064_grid_r001.5_b+25.0_h1.50_yaw+000.0,1.5,-25.88,12,0.0,0,0,,,,1,1,3.29
00065_grid_r001.5_b+25.0_h1.50_yaw+045.0,1.5,-25.88,0,0.0,1,0,123.57,9.805,0.285,1,1,0.68
00065_grid_r001.5_b+25.0_h1.50_yaw+045.0,1.5,-25.88,2,0.0,1,0,123.25,9.767,0.27,1,1,1.6
00065_grid_r001.5_b+25.0_h1.50_yaw+045.0,1.5,-25.88,3,0.0,0,0,,,,1,1,0.12
00065_grid_r001.5_b+25.0_h1.50_yaw+045.0,1.5,-25.88,4,0.0,0,0,,,,1,1,2.06
00065_grid_r001.5_b+25.0_h1.50_yaw+045.0,1.5,-25.88,6,0.0,0,0,,,,1,1,1.06
00065_grid_r001.5_b+25.0_h1.50_yaw+045.0,1.5,-25.88,8,0.0,0,0,,,,1,1,1.38
00065_grid_r001.5_b+25.0_h1.50_yaw+045.0,1.5,-25.88,12,0.0,0,0,,,,1,1,0.89
00070_grid_r001.5_b+25.0_h1.50_yaw-090.0,1.5,-25.88,0,0.0,0,0,,,,1,1,0.12
00070_grid_r001.5_b+25.0_h1.50_yaw-090.0,1.5,-25.88,2,0.0,0,0,,,,1,1,1.06
00070_grid_r001.5_b+25.0_h1.50_yaw-090.0,1.5,-25.88,3,0.0,0,0,,,,1,1,1.11
00070_grid_r001.5_b+25.0_h1.50_yaw-090.0,1.5,-25.88,4,0.0,0,0,,,,1,1,0.82
00070_grid_r001.5_b+25.0_h1.50_yaw-090.0,1.5,-25.88,6,0.0,0,0,,,,1,1,0.12
00070_grid_r001.5_b+25.0_h1.50_yaw-090.0,1.5,-25.88,8,0.0,0,0,,,,1,1,1.38
00070_grid_r001.5_b+25.0_h1.50_yaw-090.0,1.5,-25.88,12,0.0,0,0,,,,1,1,2.08
00096_grid_r002.0_b+00.0_h0.25_yaw+000.0,2.0,0.91,0,0.0,1,1,2.12,0.178,0.968,1,1,0.39
00096_grid_r002.0_b+00.0_h0.25_yaw+000.0,2.0,0.91,2,0.0,1,1,1.75,0.104,0.968,1,1,0.62
00096_grid_r002.0_b+00.0_h0.25_yaw+000.0,2.0,0.91,3,0.0,1,1,2.26,0.21,0.967,1,1,0.39
00096_grid_r002.0_b+00.0_h0.25_yaw+000.0,2.0,0.91,4,0.0,1,1,1.84,0.153,0.967,1,1,0.39
00096_grid_r002.0_b+00.0_h0.25_yaw+000.0,2.0,0.91,6,0.0,1,1,1.95,0.184,0.965,1,1,0.39
00096_grid_r002.0_b+00.0_h0.25_yaw+000.0,2.0,0.91,8,0.0,1,1,1.85,0.185,0.964,1,1,0.39
00096_grid_r002.0_b+00.0_h0.25_yaw+000.0,2.0,0.91,12,0.0,1,1,1.98,0.21,0.956,1,1,0.39
00102_grid_r002.0_b+00.0_h0.25_yaw-090.0,2.0,0.91,0,0.0,0,0,,,,1,1,1.21
00102_grid_r002.0_b+00.0_h0.25_yaw-090.0,2.0,0.91,2,0.0,0,0,,,,1,1,1.21
00102_grid_r002.0_b+00.0_h0.25_yaw-090.0,2.0,0.91,3,0.0,0,0,,,,1,1,1.15
00102_grid_r002.0_b+00.0_h0.25_yaw-090.0,2.0,0.91,4,0.0,0,0,,,,1,1,0.48
00102_grid_r002.0_b+00.0_h0.25_yaw-090.0,2.0,0.91,6,0.0,0,0,,,,1,1,0.48
00102_grid_r002.0_b+00.0_h0.25_yaw-090.0,2.0,0.91,8,0.0,0,0,,,,1,1,1.88
00102_grid_r002.0_b+00.0_h0.25_yaw-090.0,2.0,0.91,12,0.0,0,0,,,,1,1,2.06
00118_grid_r002.0_b+00.0_h1.50_yaw-090.0,2.0,0.91,0,0.0,0,0,,,,1,1,0.62
00118_grid_r002.0_b+00.0_h1.50_yaw-090.0,2.0,0.91,2,0.0,0,0,,,,1,1,1.27
00118_grid_r002.0_b+00.0_h1.50_yaw-090.0,2.0,0.91,3,0.0,0,0,,,,1,1,1.18
00118_grid_r002.0_b+00.0_h1.50_yaw-090.0,2.0,0.91,4,0.0,0,0,,,,1,1,1.27
00118_grid_r002.0_b+00.0_h1.50_yaw-090.0,2.0,0.91,6,0.0,0,0,,,,1,1,0.62
00118_grid_r002.0_b+00.0_h1.50_yaw-090.0,2.0,0.91,8,0.0,0,0,,,,1,1,0.62
00118_grid_r002.0_b+00.0_h1.50_yaw-090.0,2.0,0.91,12,0.0,0,0,,,,1,1,1.27
00133_grid_r002.0_b+25.0_h0.50_yaw-135.0,2.0,-25.65,0,0.0,1,1,9.28,0.678,0.958,1,1,1.24
00133_grid_r002.0_b+25.0_h0.50_yaw-135.0,2.0,-25.65,2,0.0,1,1,8.67,0.628,0.958,1,1,0.8
00133_grid_r002.0_b+25.0_h0.50_yaw-135.0,2.0,-25.65,3,0.0,1,1,9.26,0.676,0.957,1,1,0.8
00133_grid_r002.0_b+25.0_h0.50_yaw-135.0,2.0,-25.65,4,0.0,1,1,8.78,0.637,0.957,1,1,0.28
00133_grid_r002.0_b+25.0_h0.50_yaw-135.0,2.0,-25.65,6,0.0,1,1,8.9,0.644,0.955,1,1,0.28
00133_grid_r002.0_b+25.0_h0.50_yaw-135.0,2.0,-25.65,8,0.0,1,1,9.05,0.656,0.953,1,1,0.28
00133_grid_r002.0_b+25.0_h0.50_yaw-135.0,2.0,-25.65,12,0.0,1,1,9.34,0.691,0.946,1,1,0.99
00134_grid_r002.0_b+25.0_h0.50_yaw-090.0,2.0,-25.65,0,0.0,0,0,,,,1,1,0.28
00134_grid_r002.0_b+25.0_h0.50_yaw-090.0,2.0,-25.65,2,0.0,0,0,,,,1,1,0.86
00134_grid_r002.0_b+25.0_h0.50_yaw-090.0,2.0,-25.65,3,0.0,0,0,,,,1,1,0.28
00134_grid_r002.0_b+25.0_h0.50_yaw-090.0,2.0,-25.65,4,0.0,0,0,,,,1,1,0.28
00134_grid_r002.0_b+25.0_h0.50_yaw-090.0,2.0,-25.65,6,0.0,0,0,,,,1,1,0.86
00134_grid_r002.0_b+25.0_h0.50_yaw-090.0,2.0,-25.65,8,0.0,0,0,,,,1,1,0.43
00134_grid_r002.0_b+25.0_h0.50_yaw-090.0,2.0,-25.65,12,0.0,0,0,,,,1,1,0.8
00136_grid_r002.0_b+25.0_h1.50_yaw+000.0,2.0,-25.65,0,0.0,1,1,6.97,0.163,0.961,1,1,0.95
00136_grid_r002.0_b+25.0_h1.50_yaw+000.0,2.0,-25.65,2,0.0,1,1,6.86,0.135,0.961,1,1,0.48
00136_grid_r002.0_b+25.0_h1.50_yaw+000.0,2.0,-25.65,3,0.0,1,1,7.12,0.163,0.96,1,1,0.95
00136_grid_r002.0_b+25.0_h1.50_yaw+000.0,2.0,-25.65,4,0.0,1,1,7.19,0.137,0.959,1,1,0.66
00136_grid_r002.0_b+25.0_h1.50_yaw+000.0,2.0,-25.65,6,0.0,1,1,7.65,0.141,0.956,1,1,0.66
00136_grid_r002.0_b+25.0_h1.50_yaw+000.0,2.0,-25.65,8,0.0,1,1,7.98,0.134,0.953,1,1,0.95
00136_grid_r002.0_b+25.0_h1.50_yaw+000.0,2.0,-25.65,12,0.0,1,1,8.72,0.121,0.944,1,1,0.95
00179_grid_r003.0_b+00.0_h0.50_yaw+135.0,3.0,0.6,0,0.0,1,1,3.63,0.021,0.933,1,1,0.33
00179_grid_r003.0_b+00.0_h0.50_yaw+135.0,3.0,0.6,2,0.0,1,1,3.5,-0.024,0.932,1,1,1.02
00179_grid_r003.0_b+00.0_h0.50_yaw+135.0,3.0,0.6,3,0.0,1,1,4.77,-0.126,0.934,1,1,0.33
00179_grid_r003.0_b+00.0_h0.50_yaw+135.0,3.0,0.6,4,0.0,1,1,4.94,-0.205,0.934,1,1,1.02
00179_grid_r003.0_b+00.0_h0.50_yaw+135.0,3.0,0.6,6,0.0,1,1,5.05,-0.228,0.934,1,1,1.17
00179_grid_r003.0_b+00.0_h0.50_yaw+135.0,3.0,0.6,8,0.0,1,1,2.95,-0.212,0.935,1,1,1.17
00179_grid_r003.0_b+00.0_h0.50_yaw+135.0,3.0,0.6,12,0.0,1,1,2.55,-0.253,0.926,1,1,1.72
00180_grid_r003.0_b+00.0_h0.50_yaw+180.0,3.0,0.6,0,0.0,1,1,5.2,0.125,0.968,1,1,0.33
00180_grid_r003.0_b+00.0_h0.50_yaw+180.0,3.0,0.6,2,0.0,1,1,5.27,0.093,0.968,1,1,0.33
00180_grid_r003.0_b+00.0_h0.50_yaw+180.0,3.0,0.6,3,0.0,1,1,5.15,0.112,0.969,1,1,0.33
00180_grid_r003.0_b+00.0_h0.50_yaw+180.0,3.0,0.6,4,0.0,1,1,5.16,0.072,0.969,1,1,0.33
00180_grid_r003.0_b+00.0_h0.50_yaw+180.0,3.0,0.6,6,0.0,1,1,5.04,0.041,0.968,1,1,0.33
00180_grid_r003.0_b+00.0_h0.50_yaw+180.0,3.0,0.6,8,0.0,1,1,5.02,0.019,0.966,1,1,1.02
00180_grid_r003.0_b+00.0_h0.50_yaw+180.0,3.0,0.6,12,0.0,1,1,5.03,-0.023,0.95,1,1,0.33
00182_grid_r003.0_b+00.0_h0.50_yaw-090.0,3.0,0.6,0,0.0,0,0,,,,1,1,1.31
00182_grid_r003.0_b+00.0_h0.50_yaw-090.0,3.0,0.6,2,0.0,0,0,,,,1,1,1.84
00182_grid_r003.0_b+00.0_h0.50_yaw-090.0,3.0,0.6,3,0.0,0,0,,,,1,1,1.31
00182_grid_r003.0_b+00.0_h0.50_yaw-090.0,3.0,0.6,4,0.0,0,0,,,,1,1,1.84
00182_grid_r003.0_b+00.0_h0.50_yaw-090.0,3.0,0.6,6,0.0,0,0,,,,1,1,1.02
00182_grid_r003.0_b+00.0_h0.50_yaw-090.0,3.0,0.6,8,0.0,0,0,,,,1,1,1.31
00182_grid_r003.0_b+00.0_h0.50_yaw-090.0,3.0,0.6,12,0.0,0,0,,,,1,1,1.91
00189_grid_r003.0_b+00.0_h1.50_yaw-135.0,3.0,0.6,0,0.0,1,1,10.56,0.868,0.922,1,1,0.81
00189_grid_r003.0_b+00.0_h1.50_yaw-135.0,3.0,0.6,2,0.0,1,1,10.09,0.784,0.922,1,1,0.9
00189_grid_r003.0_b+00.0_h1.50_yaw-135.0,3.0,0.6,3,0.0,1,1,10.44,0.863,0.921,1,1,0.47
00189_grid_r003.0_b+00.0_h1.50_yaw-135.0,3.0,0.6,4,0.0,1,1,9.9,0.775,0.919,1,1,0.81
00189_grid_r003.0_b+00.0_h1.50_yaw-135.0,3.0,0.6,6,0.0,1,1,9.46,0.757,0.904,1,1,0.9
00189_grid_r003.0_b+00.0_h1.50_yaw-135.0,3.0,0.6,8,0.0,1,1,8.82,0.932,0.879,1,1,0.81
00189_grid_r003.0_b+00.0_h1.50_yaw-135.0,3.0,0.6,12,0.0,1,1,13.47,1.281,0.436,1,1,0.47
00200_grid_r003.0_b+25.0_h0.50_yaw+000.0,3.0,-25.42,0,0.0,1,1,0.54,0.024,0.973,1,1,0.34
00200_grid_r003.0_b+25.0_h0.50_yaw+000.0,3.0,-25.42,2,0.0,1,1,0.26,-0.011,0.971,1,1,0.34
00200_grid_r003.0_b+25.0_h0.50_yaw+000.0,3.0,-25.42,3,0.0,1,1,0.47,0.017,0.973,1,1,0.34
00200_grid_r003.0_b+25.0_h0.50_yaw+000.0,3.0,-25.42,4,0.0,1,1,0.24,0.009,0.971,1,1,0.34
00200_grid_r003.0_b+25.0_h0.50_yaw+000.0,3.0,-25.42,6,0.0,1,1,0.51,0.036,0.969,1,1,0.34
00200_grid_r003.0_b+25.0_h0.50_yaw+000.0,3.0,-25.42,8,0.0,1,1,0.91,0.074,0.965,1,1,0.67
00200_grid_r003.0_b+25.0_h0.50_yaw+000.0,3.0,-25.42,12,0.0,1,1,1.48,0.114,0.948,1,1,0.34
00214_grid_r003.0_b+25.0_h1.50_yaw-090.0,3.0,-25.42,0,0.0,0,0,,,,1,1,0.26
00214_grid_r003.0_b+25.0_h1.50_yaw-090.0,3.0,-25.42,2,0.0,0,0,,,,1,1,0.26
00214_grid_r003.0_b+25.0_h1.50_yaw-090.0,3.0,-25.42,3,0.0,0,0,,,,1,1,0.26
00214_grid_r003.0_b+25.0_h1.50_yaw-090.0,3.0,-25.42,4,0.0,0,0,,,,1,1,0.26
00214_grid_r003.0_b+25.0_h1.50_yaw-090.0,3.0,-25.42,6,0.0,0,0,,,,1,1,0.26
00214_grid_r003.0_b+25.0_h1.50_yaw-090.0,3.0,-25.42,8,0.0,0,0,,,,1,1,0.26
00214_grid_r003.0_b+25.0_h1.50_yaw-090.0,3.0,-25.42,12,0.0,0,0,,,,1,1,0.26
00256_grid_r004.0_b+00.0_h1.50_yaw+000.0,4.0,0.44,0,0.0,1,1,4.63,0.17,0.951,1,1,0.49
00256_grid_r004.0_b+00.0_h1.50_yaw+000.0,4.0,0.44,2,0.0,1,1,4.38,0.071,0.954,1,1,0.49
00256_grid_r004.0_b+00.0_h1.50_yaw+000.0,4.0,0.44,3,0.0,1,1,4.68,0.143,0.95,1,1,1.2
00256_grid_r004.0_b+00.0_h1.50_yaw+000.0,4.0,0.44,4,0.0,1,1,4.68,0.085,0.95,1,1,0.83
00256_grid_r004.0_b+00.0_h1.50_yaw+000.0,4.0,0.44,6,0.0,1,1,5.13,0.144,0.95,1,1,1.2
00256_grid_r004.0_b+00.0_h1.50_yaw+000.0,4.0,0.44,8,0.0,1,1,5.48,0.145,0.949,1,1,1.2
00256_grid_r004.0_b+00.0_h1.50_yaw+000.0,4.0,0.44,12,0.0,1,1,5.99,0.118,0.947,1,1,1.38
00269_grid_r004.0_b+25.0_h0.25_yaw-135.0,4.0,-25.31,0,0.0,1,1,1.87,0.147,0.956,1,1,0.59
00269_grid_r004.0_b+25.0_h0.25_yaw-135.0,4.0,-25.31,2,0.0,1,1,1.27,0.094,0.956,1,1,0.59
00269_grid_r004.0_b+25.0_h0.25_yaw-135.0,4.0,-25.31,3,0.0,1,1,1.84,0.145,0.957,1,1,0.59
00269_grid_r004.0_b+25.0_h0.25_yaw-135.0,4.0,-25.31,4,0.0,1,1,1.03,0.077,0.957,1,1,0.59
00269_grid_r004.0_b+25.0_h0.25_yaw-135.0,4.0,-25.31,6,0.0,1,1,0.79,0.066,0.958,1,1,0.62
00269_grid_r004.0_b+25.0_h0.25_yaw-135.0,4.0,-25.31,8,0.0,1,1,0.44,0.031,0.955,1,1,0.62
00269_grid_r004.0_b+25.0_h0.25_yaw-135.0,4.0,-25.31,12,0.0,1,1,1.23,0.012,0.937,1,1,1.26
00272_grid_r004.0_b+25.0_h0.50_yaw+000.0,4.0,-25.31,0,0.0,1,1,0.43,-0.008,0.964,1,1,0.24
00272_grid_r004.0_b+25.0_h0.50_yaw+000.0,4.0,-25.31,2,0.0,1,1,0.96,-0.074,0.964,1,1,0.24
00272_grid_r004.0_b+25.0_h0.50_yaw+000.0,4.0,-25.31,3,0.0,1,1,0.42,-0.019,0.964,1,1,0.24
00272_grid_r004.0_b+25.0_h0.50_yaw+000.0,4.0,-25.31,4,0.0,1,1,0.83,-0.069,0.965,1,1,0.24
00272_grid_r004.0_b+25.0_h0.50_yaw+000.0,4.0,-25.31,6,0.0,1,1,0.4,-0.035,0.964,1,1,0.24
00272_grid_r004.0_b+25.0_h0.50_yaw+000.0,4.0,-25.31,8,0.0,1,1,0.36,-0.001,0.961,1,1,0.68
00272_grid_r004.0_b+25.0_h0.50_yaw+000.0,4.0,-25.31,12,0.0,1,1,1.05,-0.014,0.951,1,1,0.81
00275_grid_r004.0_b+25.0_h0.50_yaw+135.0,4.0,-25.31,0,0.0,1,1,32.54,-2.516,0.421,1,1,0.24
00275_grid_r004.0_b+25.0_h0.50_yaw+135.0,4.0,-25.31,2,0.0,1,1,32.63,-2.512,0.402,1,1,0.81
00275_grid_r004.0_b+25.0_h0.50_yaw+135.0,4.0,-25.31,3,0.0,1,1,32.54,-2.51,0.437,1,1,0.24
00275_grid_r004.0_b+25.0_h0.50_yaw+135.0,4.0,-25.31,4,0.0,1,1,32.94,-2.532,0.402,1,1,0.81
00275_grid_r004.0_b+25.0_h0.50_yaw+135.0,4.0,-25.31,6,0.0,1,1,33.41,-2.573,0.335,1,1,0.81
00275_grid_r004.0_b+25.0_h0.50_yaw+135.0,4.0,-25.31,8,0.0,1,1,33.59,-2.476,0.29,1,1,0.81
00275_grid_r004.0_b+25.0_h0.50_yaw+135.0,4.0,-25.31,12,0.0,0,0,,,,1,1,0.24
00282_grid_r004.0_b+25.0_h1.50_yaw+090.0,4.0,-25.31,0,0.0,1,1,10.27,0.183,0.77,1,1,0.39
00282_grid_r004.0_b+25.0_h1.50_yaw+090.0,4.0,-25.31,2,0.0,1,1,9.26,0.222,0.797,1,1,0.39
00282_grid_r004.0_b+25.0_h1.50_yaw+090.0,4.0,-25.31,3,0.0,1,1,10.44,0.215,0.767,1,1,0.39
00282_grid_r004.0_b+25.0_h1.50_yaw+090.0,4.0,-25.31,4,0.0,1,1,9.98,0.277,0.784,1,1,1.18
00282_grid_r004.0_b+25.0_h1.50_yaw+090.0,4.0,-25.31,6,0.0,1,1,11.92,0.277,0.686,1,1,1.18
00282_grid_r004.0_b+25.0_h1.50_yaw+090.0,4.0,-25.31,8,0.0,1,1,13.42,0.431,0.415,1,1,1.07
00282_grid_r004.0_b+25.0_h1.50_yaw+090.0,4.0,-25.31,12,0.0,0,0,,,,1,1,1.18
00284_grid_r004.0_b+25.0_h1.50_yaw+180.0,4.0,-25.31,0,0.0,1,1,6.88,-0.284,0.95,1,1,0.39
00284_grid_r004.0_b+25.0_h1.50_yaw+180.0,4.0,-25.31,2,0.0,1,1,8.3,-0.298,0.949,1,1,0.39
00284_grid_r004.0_b+25.0_h1.50_yaw+180.0,4.0,-25.31,3,0.0,1,1,6.9,-0.296,0.949,1,1,0.39
00284_grid_r004.0_b+25.0_h1.50_yaw+180.0,4.0,-25.31,4,0.0,1,1,8.31,-0.316,0.948,1,1,0.39
00284_grid_r004.0_b+25.0_h1.50_yaw+180.0,4.0,-25.31,6,0.0,1,1,7.17,-0.359,0.945,1,1,0.39
00284_grid_r004.0_b+25.0_h1.50_yaw+180.0,4.0,-25.31,8,0.0,1,1,7.22,-0.374,0.937,1,1,1.38
00284_grid_r004.0_b+25.0_h1.50_yaw+180.0,4.0,-25.31,12,0.0,1,1,7.14,-0.349,0.867,1,1,0.39
00290_grid_r006.0_b-25.0_h0.25_yaw+090.0,6.0,25.68,0,0.0,1,1,12.89,-1.113,0.851,1,1,0.46
00290_grid_r006.0_b-25.0_h0.25_yaw+090.0,6.0,25.68,2,0.0,1,1,13.33,-1.148,0.853,1,1,0.46
00290_grid_r006.0_b-25.0_h0.25_yaw+090.0,6.0,25.68,3,0.0,1,1,13.12,-1.126,0.862,1,1,0.46
00290_grid_r006.0_b-25.0_h0.25_yaw+090.0,6.0,25.68,4,0.0,1,1,13.6,-1.166,0.867,1,1,0.46
00290_grid_r006.0_b-25.0_h0.25_yaw+090.0,6.0,25.68,6,0.0,1,1,14.58,-1.222,0.857,1,1,0.46
00290_grid_r006.0_b-25.0_h0.25_yaw+090.0,6.0,25.68,8,0.0,1,1,15.44,-1.278,0.839,1,1,0.46
00290_grid_r006.0_b-25.0_h0.25_yaw+090.0,6.0,25.68,12,0.0,1,1,15.4,-1.267,0.554,1,1,0.46
00291_grid_r006.0_b-25.0_h0.25_yaw+135.0,6.0,25.68,0,0.0,1,1,1.05,-0.086,0.957,1,1,0.46
00291_grid_r006.0_b-25.0_h0.25_yaw+135.0,6.0,25.68,2,0.0,1,1,1.31,-0.113,0.955,1,1,0.46
00291_grid_r006.0_b-25.0_h0.25_yaw+135.0,6.0,25.68,3,0.0,1,1,1.34,-0.115,0.956,1,1,0.46
00291_grid_r006.0_b-25.0_h0.25_yaw+135.0,6.0,25.68,4,0.0,1,1,1.78,-0.151,0.954,1,1,0.46
00291_grid_r006.0_b-25.0_h0.25_yaw+135.0,6.0,25.68,6,0.0,1,1,2.24,-0.187,0.952,1,1,0.46
00291_grid_r006.0_b-25.0_h0.25_yaw+135.0,6.0,25.68,8,0.0,1,1,2.51,-0.202,0.949,1,1,0.46
00291_grid_r006.0_b-25.0_h0.25_yaw+135.0,6.0,25.68,12,0.0,1,1,2.86,-0.197,0.924,1,1,1.24
00295_grid_r006.0_b-25.0_h0.25_yaw-045.0,6.0,25.68,0,0.0,1,1,0.22,-0.005,0.956,1,1,0.46
00295_grid_r006.0_b-25.0_h0.25_yaw-045.0,6.0,25.68,2,0.0,1,1,0.14,-0.01,0.956,1,1,0.46
00295_grid_r006.0_b-25.0_h0.25_yaw-045.0,6.0,25.68,3,0.0,1,1,0.11,-0.007,0.956,1,1,0.46
00295_grid_r006.0_b-25.0_h0.25_yaw-045.0,6.0,25.68,4,0.0,1,1,0.38,-0.006,0.954,1,1,0.46
00295_grid_r006.0_b-25.0_h0.25_yaw-045.0,6.0,25.68,6,0.0,1,1,0.64,-0.048,0.951,1,1,0.46
00295_grid_r006.0_b-25.0_h0.25_yaw-045.0,6.0,25.68,8,0.0,1,1,0.72,-0.038,0.944,1,1,0.46
00295_grid_r006.0_b-25.0_h0.25_yaw-045.0,6.0,25.68,12,0.0,1,1,1.59,0.063,0.929,1,1,0.46
00319_grid_r006.0_b+00.0_h0.25_yaw-045.0,6.0,0.29,0,0.0,1,1,0.96,-0.021,0.944,1,1,0.5
00319_grid_r006.0_b+00.0_h0.25_yaw-045.0,6.0,0.29,2,0.0,1,1,1.07,-0.073,0.946,1,1,0.5
00319_grid_r006.0_b+00.0_h0.25_yaw-045.0,6.0,0.29,3,0.0,1,1,0.74,-0.01,0.945,1,1,0.5
00319_grid_r006.0_b+00.0_h0.25_yaw-045.0,6.0,0.29,4,0.0,1,1,0.76,-0.058,0.948,1,1,0.5
00319_grid_r006.0_b+00.0_h0.25_yaw-045.0,6.0,0.29,6,0.0,1,1,0.14,-0.009,0.942,1,1,0.5
00319_grid_r006.0_b+00.0_h0.25_yaw-045.0,6.0,0.29,8,0.0,1,1,0.84,0.067,0.925,1,1,0.5
00319_grid_r006.0_b+00.0_h0.25_yaw-045.0,6.0,0.29,12,0.0,1,1,4.5,0.405,0.867,1,1,1.45
00329_grid_r006.0_b+00.0_h1.50_yaw+045.0,6.0,0.29,0,0.0,1,1,1.31,0.083,0.938,1,1,0.33
00329_grid_r006.0_b+00.0_h1.50_yaw+045.0,6.0,0.29,2,0.0,1,1,1.18,0.007,0.937,1,1,0.33
00329_grid_r006.0_b+00.0_h1.50_yaw+045.0,6.0,0.29,3,0.0,1,1,1.51,0.073,0.938,1,1,0.33
00329_grid_r006.0_b+00.0_h1.50_yaw+045.0,6.0,0.29,4,0.0,1,1,1.55,-0.004,0.936,1,1,0.33
00329_grid_r006.0_b+00.0_h1.50_yaw+045.0,6.0,0.29,6,0.0,1,1,1.6,-0.007,0.934,1,1,0.33
00329_grid_r006.0_b+00.0_h1.50_yaw+045.0,6.0,0.29,8,0.0,1,1,2.9,-0.089,0.926,1,1,0.33
00329_grid_r006.0_b+00.0_h1.50_yaw+045.0,6.0,0.29,12,0.0,1,1,4.53,-0.292,0.881,1,1,0.33
00345_grid_r006.0_b+25.0_h0.50_yaw+045.0,6.0,-25.21,0,0.0,1,1,0.52,-0.043,0.948,1,1,0.76
00345_grid_r006.0_b+25.0_h0.50_yaw+045.0,6.0,-25.21,2,0.0,1,1,0.77,-0.065,0.947,1,1,0.76
00345_grid_r006.0_b+25.0_h0.50_yaw+045.0,6.0,-25.21,3,0.0,1,1,0.51,-0.044,0.949,1,1,0.76
00345_grid_r006.0_b+25.0_h0.50_yaw+045.0,6.0,-25.21,4,0.0,1,1,0.84,-0.073,0.948,1,1,0.76
00345_grid_r006.0_b+25.0_h0.50_yaw+045.0,6.0,-25.21,6,0.0,1,1,0.93,-0.077,0.95,1,1,0.76
00345_grid_r006.0_b+25.0_h0.50_yaw+045.0,6.0,-25.21,8,0.0,1,1,1.14,-0.081,0.951,1,1,0.76
00345_grid_r006.0_b+25.0_h0.50_yaw+045.0,6.0,-25.21,12,0.0,1,1,2.25,-0.15,0.945,1,1,0.76
00379_grid_r008.0_b-25.0_h1.50_yaw+135.0,8.0,25.51,0,0.0,1,1,1.89,-0.148,0.939,1,1,0.34
00379_grid_r008.0_b-25.0_h1.50_yaw+135.0,8.0,25.51,2,0.0,1,1,2.11,-0.167,0.938,1,1,0.34
00379_grid_r008.0_b-25.0_h1.50_yaw+135.0,8.0,25.51,3,0.0,1,1,1.84,-0.147,0.939,1,1,0.34
00379_grid_r008.0_b-25.0_h1.50_yaw+135.0,8.0,25.51,4,0.0,1,1,2.18,-0.18,0.937,1,1,0.45
00379_grid_r008.0_b-25.0_h1.50_yaw+135.0,8.0,25.51,6,0.0,1,1,2.18,-0.187,0.936,1,1,0.61
00379_grid_r008.0_b-25.0_h1.50_yaw+135.0,8.0,25.51,8,0.0,1,1,2.45,-0.211,0.929,1,1,0.34
00379_grid_r008.0_b-25.0_h1.50_yaw+135.0,8.0,25.51,12,0.0,1,1,2.66,-0.167,0.901,1,1,0.34
00390_grid_r008.0_b+00.0_h0.25_yaw-090.0,8.0,0.22,0,0.0,1,1,2.97,0.1,0.317,1,1,0.44
00390_grid_r008.0_b+00.0_h0.25_yaw-090.0,8.0,0.22,2,0.0,1,1,3.32,0.035,0.288,1,1,1.09
00390_grid_r008.0_b+00.0_h0.25_yaw-090.0,8.0,0.22,3,0.0,1,1,2.6,0.135,0.327,1,1,0.44
00390_grid_r008.0_b+00.0_h0.25_yaw-090.0,8.0,0.22,4,0.0,1,1,2.6,0.181,0.332,1,1,0.56
00390_grid_r008.0_b+00.0_h0.25_yaw-090.0,8.0,0.22,6,0.0,1,1,2.44,0.196,0.31,1,1,1.09
00390_grid_r008.0_b+00.0_h0.25_yaw-090.0,8.0,0.22,8,0.0,0,0,,,,1,1,1.14
00390_grid_r008.0_b+00.0_h0.25_yaw-090.0,8.0,0.22,12,0.0,0,0,,,,1,1,0.44
00396_grid_r008.0_b+00.0_h0.50_yaw+180.0,8.0,0.22,0,0.0,1,1,1.03,-0.05,0.947,1,1,0.57
00396_grid_r008.0_b+00.0_h0.50_yaw+180.0,8.0,0.22,2,0.0,1,1,1.26,-0.092,0.949,1,1,0.57
00396_grid_r008.0_b+00.0_h0.50_yaw+180.0,8.0,0.22,3,0.0,1,1,1.06,-0.069,0.948,1,1,0.57
00396_grid_r008.0_b+00.0_h0.50_yaw+180.0,8.0,0.22,4,0.0,1,1,1.31,-0.118,0.949,1,1,0.57
00396_grid_r008.0_b+00.0_h0.50_yaw+180.0,8.0,0.22,6,0.0,1,1,1.21,-0.124,0.945,1,1,1.21
00396_grid_r008.0_b+00.0_h0.50_yaw+180.0,8.0,0.22,8,0.0,1,1,1.06,-0.112,0.94,1,1,1.21
00396_grid_r008.0_b+00.0_h0.50_yaw+180.0,8.0,0.22,12,0.0,1,1,1.16,-0.074,0.921,1,1,1.21
00403_grid_r008.0_b+00.0_h1.50_yaw+135.0,8.0,0.22,0,0.0,1,1,1.52,-0.145,0.916,1,1,0.1
00403_grid_r008.0_b+00.0_h1.50_yaw+135.0,8.0,0.22,2,0.0,1,1,2.09,-0.208,0.914,1,1,0.1
00403_grid_r008.0_b+00.0_h1.50_yaw+135.0,8.0,0.22,3,0.0,1,1,1.57,-0.156,0.916,1,1,0.1
00403_grid_r008.0_b+00.0_h1.50_yaw+135.0,8.0,0.22,4,0.0,1,1,1.91,-0.195,0.913,1,1,0.81
00403_grid_r008.0_b+00.0_h1.50_yaw+135.0,8.0,0.22,6,0.0,1,1,2.33,-0.247,0.908,1,1,0.74
00403_grid_r008.0_b+00.0_h1.50_yaw+135.0,8.0,0.22,8,0.0,1,1,3.71,-0.322,0.87,1,1,0.1
00403_grid_r008.0_b+00.0_h1.50_yaw+135.0,8.0,0.22,12,0.0,1,1,4.74,-0.296,0.758,1,1,0.81
00415_grid_r008.0_b+25.0_h0.25_yaw-045.0,8.0,-25.16,0,0.0,1,1,7.34,0.613,0.692,1,1,0.71
00415_grid_r008.0_b+25.0_h0.25_yaw-045.0,8.0,-25.16,2,0.0,1,1,6.61,0.553,0.751,1,1,0.94
00415_grid_r008.0_b+25.0_h0.25_yaw-045.0,8.0,-25.16,3,0.0,1,1,7.01,0.581,0.7,1,1,0.08
00415_grid_r008.0_b+25.0_h0.25_yaw-045.0,8.0,-25.16,4,0.0,1,1,6.44,0.539,0.744,1,1,0.71
00415_grid_r008.0_b+25.0_h0.25_yaw-045.0,8.0,-25.16,6,0.0,1,1,9.0,0.768,0.687,1,1,0.71
00415_grid_r008.0_b+25.0_h0.25_yaw-045.0,8.0,-25.16,8,0.0,1,1,9.22,0.795,0.546,1,1,0.62
00415_grid_r008.0_b+25.0_h0.25_yaw-045.0,8.0,-25.16,12,0.0,1,1,10.64,0.896,0.279,1,1,0.94
00421_grid_r008.0_b+25.0_h0.50_yaw-135.0,8.0,-25.16,0,0.0,1,1,0.17,0.013,0.957,1,1,0.8
00421_grid_r008.0_b+25.0_h0.50_yaw-135.0,8.0,-25.16,2,0.0,1,1,0.46,-0.04,0.957,1,1,0.8
00421_grid_r008.0_b+25.0_h0.50_yaw-135.0,8.0,-25.16,3,0.0,1,1,0.07,0.001,0.957,1,1,0.09
00421_grid_r008.0_b+25.0_h0.50_yaw-135.0,8.0,-25.16,4,0.0,1,1,0.58,-0.048,0.955,1,1,0.09
00421_grid_r008.0_b+25.0_h0.50_yaw-135.0,8.0,-25.16,6,0.0,1,1,0.65,-0.041,0.951,1,1,0.09
00421_grid_r008.0_b+25.0_h0.50_yaw-135.0,8.0,-25.16,8,0.0,1,1,0.59,-0.013,0.946,1,1,0.72
00421_grid_r008.0_b+25.0_h0.50_yaw-135.0,8.0,-25.16,12,0.0,1,1,1.61,0.045,0.914,1,1,0.72
00438_grid_r012.0_b-25.0_h0.25_yaw-090.0,12.0,25.34,0,0.0,1,1,3.8,0.313,0.558,1,1,0.49
00438_grid_r012.0_b-25.0_h0.25_yaw-090.0,12.0,25.34,2,0.0,1,1,3.69,0.319,0.564,1,1,1.17
00438_grid_r012.0_b-25.0_h0.25_yaw-090.0,12.0,25.34,3,0.0,1,1,3.57,0.297,0.541,1,1,0.49
00438_grid_r012.0_b-25.0_h0.25_yaw-090.0,12.0,25.34,4,0.0,1,1,3.94,0.323,0.556,1,1,0.49
00438_grid_r012.0_b-25.0_h0.25_yaw-090.0,12.0,25.34,6,0.0,1,1,4.72,0.398,0.593,1,1,1.17
00438_grid_r012.0_b-25.0_h0.25_yaw-090.0,12.0,25.34,8,0.0,1,1,5.24,0.451,0.533,1,1,1.17
00438_grid_r012.0_b-25.0_h0.25_yaw-090.0,12.0,25.34,12,0.0,0,0,,,,1,1,0.49
00445_grid_r012.0_b-25.0_h0.50_yaw-135.0,12.0,25.34,0,0.0,1,1,5.15,0.427,0.722,1,1,0.26
00445_grid_r012.0_b-25.0_h0.50_yaw-135.0,12.0,25.34,2,0.0,1,1,5.07,0.407,0.768,1,1,1.2
00445_grid_r012.0_b-25.0_h0.50_yaw-135.0,12.0,25.34,3,0.0,1,1,5.17,0.432,0.725,1,1,0.97
00445_grid_r012.0_b-25.0_h0.50_yaw-135.0,12.0,25.34,4,0.0,1,1,5.08,0.41,0.773,1,1,0.26
00445_grid_r012.0_b-25.0_h0.50_yaw-135.0,12.0,25.34,6,0.0,1,1,5.17,0.42,0.779,1,1,0.97
00445_grid_r012.0_b-25.0_h0.50_yaw-135.0,12.0,25.34,8,0.0,1,1,4.91,0.411,0.706,1,1,1.2
00445_grid_r012.0_b-25.0_h0.50_yaw-135.0,12.0,25.34,12,0.0,1,1,4.92,0.424,0.288,1,1,3.19
00446_grid_r012.0_b-25.0_h0.50_yaw-090.0,12.0,25.34,0,0.0,1,1,5.33,0.455,0.799,1,1,0.26
00446_grid_r012.0_b-25.0_h0.50_yaw-090.0,12.0,25.34,2,0.0,1,1,4.79,0.407,0.804,1,1,0.26
00446_grid_r012.0_b-25.0_h0.50_yaw-090.0,12.0,25.34,3,0.0,1,1,5.21,0.444,0.811,1,1,0.26
00446_grid_r012.0_b-25.0_h0.50_yaw-090.0,12.0,25.34,4,0.0,1,1,5.02,0.429,0.812,1,1,0.26
00446_grid_r012.0_b-25.0_h0.50_yaw-090.0,12.0,25.34,6,0.0,1,1,5.04,0.431,0.785,1,1,0.75
00446_grid_r012.0_b-25.0_h0.50_yaw-090.0,12.0,25.34,8,0.0,1,1,5.37,0.46,0.752,1,1,0.75
00446_grid_r012.0_b-25.0_h0.50_yaw-090.0,12.0,25.34,12,0.0,1,1,5.97,0.515,0.706,1,1,2.7
00480_grid_r012.0_b+25.0_h0.25_yaw+000.0,12.0,-25.1,0,0.0,1,1,0.21,0.009,0.936,1,1,0.64
00480_grid_r012.0_b+25.0_h0.25_yaw+000.0,12.0,-25.1,2,0.0,1,1,0.22,-0.014,0.938,1,1,0.64
00480_grid_r012.0_b+25.0_h0.25_yaw+000.0,12.0,-25.1,3,0.0,1,1,0.46,0.015,0.938,1,1,0.64
00480_grid_r012.0_b+25.0_h0.25_yaw+000.0,12.0,-25.1,4,0.0,1,1,0.57,-0.002,0.938,1,1,0.64
00480_grid_r012.0_b+25.0_h0.25_yaw+000.0,12.0,-25.1,6,0.0,1,1,1.34,0.043,0.93,1,1,0.71
00480_grid_r012.0_b+25.0_h0.25_yaw+000.0,12.0,-25.1,8,0.0,1,1,2.16,0.101,0.91,1,1,0.96
00480_grid_r012.0_b+25.0_h0.25_yaw+000.0,12.0,-25.1,12,0.0,1,1,3.87,0.236,0.773,1,1,1.61
00494_grid_r012.0_b+25.0_h0.50_yaw-090.0,12.0,-25.1,0,0.0,1,1,6.32,0.552,0.728,1,1,0.49
00494_grid_r012.0_b+25.0_h0.50_yaw-090.0,12.0,-25.1,2,0.0,1,1,4.14,0.346,0.766,1,1,0.49
00494_grid_r012.0_b+25.0_h0.50_yaw-090.0,12.0,-25.1,3,0.0,1,1,5.17,0.441,0.769,1,1,0.49
00494_grid_r012.0_b+25.0_h0.50_yaw-090.0,12.0,-25.1,4,0.0,1,1,3.78,0.318,0.787,1,1,0.49
00494_grid_r012.0_b+25.0_h0.50_yaw-090.0,12.0,-25.1,6,0.0,1,1,3.75,0.325,0.778,1,1,0.49
00494_grid_r012.0_b+25.0_h0.50_yaw-090.0,12.0,-25.1,8,0.0,1,1,3.77,0.324,0.761,1,1,0.49
00494_grid_r012.0_b+25.0_h0.50_yaw-090.0,12.0,-25.1,12,0.0,1,1,4.25,0.369,0.696,1,1,0.57
00498_grid_r012.0_b+25.0_h1.50_yaw+090.0,12.0,-25.1,0,0.0,1,1,4.1,-0.356,0.714,1,1,0.53
00498_grid_r012.0_b+25.0_h1.50_yaw+090.0,12.0,-25.1,2,0.0,1,1,3.67,-0.318,0.765,1,1,0.53
00498_grid_r012.0_b+25.0_h1.50_yaw+090.0,12.0,-25.1,3,0.0,1,1,3.21,-0.278,0.751,1,1,0.53
00498_grid_r012.0_b+25.0_h1.50_yaw+090.0,12.0,-25.1,4,0.0,1,1,2.84,-0.247,0.793,1,1,0.24
00498_grid_r012.0_b+25.0_h1.50_yaw+090.0,12.0,-25.1,6,0.0,1,1,2.54,-0.211,0.777,1,1,0.53
00498_grid_r012.0_b+25.0_h1.50_yaw+090.0,12.0,-25.1,8,0.0,1,1,3.41,-0.291,0.761,1,1,0.77
00498_grid_r012.0_b+25.0_h1.50_yaw+090.0,12.0,-25.1,12,0.0,1,1,4.37,-0.374,0.488,1,1,1.23
