fwd_cmd_m,y_off_cmd_m,gt_x,gt_y,gt_z,gt_range_m,bearing_deg,decoded,dec_range_m,decision_margin,iou,u_px,gt_cx,gt_cy,gt_w,gt_h,tag_cx,tag_cy,tag_w,tag_h,frame
2.0,+0.0,0.0300,-0.2710,1.8800,1.8997,8.25,1,1.9111,120.000,0.9881,648.7,648.62,402.17,99.48,99.48,648.67,401.98,98.88,98.88,fwd002.0_y+0.0_0000_r001.9.png
2.0,+0.0,0.0300,-0.2710,1.8800,1.8997,8.25,1,1.9111,120.000,0.9881,648.7,648.62,402.17,99.48,99.48,648.67,401.98,98.88,98.88,fwd002.0_y+0.0_0001_r001.9.png
2.0,+0.0,0.0300,-0.2710,1.8800,1.8997,8.25,1,1.9111,120.000,0.9881,648.7,648.62,402.17,99.48,99.48,648.67,401.98,98.88,98.88,fwd002.0_y+0.0_0002_r001.9.png
2.0,+0.0,0.0300,-0.2710,1.8800,1.8997,8.25,1,1.9111,120.000,0.9881,648.7,648.62,402.17,99.48,99.48,648.67,401.98,98.88,98.88,fwd002.0_y+0.0_0003_r001.9.png
2.0,+0.0,0.0300,-0.2710,1.8800,1.8997,8.25,1,1.9111,120.000,0.9881,648.7,648.62,402.17,99.48,99.48,648.67,401.98,98.88,98.88,fwd002.0_y+0.0_0004_r001.9.png
2.0,+0.0,0.0300,-0.2710,1.8800,1.8997,8.25,1,1.9111,120.000,0.9881,648.7,648.62,402.17,99.48,99.48,648.67,401.98,98.88,98.88,fwd002.0_y+0.0_0005_r001.9.png
2.0,+0.0,0.0300,-0.2710,1.8800,1.8997,8.25,1,1.9111,120.000,0.9881,648.7,648.62,402.17,99.48,99.48,648.67,401.98,98.88,98.88,fwd002.0_y+0.0_0006_r001.9.png
2.0,+0.0,0.0300,-0.2710,1.8800,1.8997,8.25,1,1.9111,120.000,0.9881,648.7,648.62,402.17,99.48,99.48,648.67,401.98,98.88,98.88,fwd002.0_y+0.0_0007_r001.9.png
2.0,+0.0,0.0300,-0.2710,1.8800,1.8997,8.25,1,1.9111,120.000,0.9881,648.7,648.62,402.17,99.48,99.48,648.67,401.98,98.88,98.88,fwd002.0_y+0.0_0008_r001.9.png
2.0,+0.0,0.0300,-0.2710,1.8800,1.8997,8.25,1,1.9111,120.000,0.9881,648.7,648.62,402.17,99.48,99.48,648.67,401.98,98.88,98.88,fwd002.0_y+0.0_0009_r001.9.png
2.0,+0.0,0.0300,-0.2710,1.8800,1.8997,8.25,1,1.9111,120.000,0.9881,648.7,648.62,402.17,99.48,99.48,648.67,401.98,98.88,98.88,fwd002.0_y+0.0_0010_r001.9.png
2.0,+0.0,0.0300,-0.2710,1.8800,1.8997,8.25,1,1.9111,120.000,0.9881,648.7,648.62,402.17,99.48,99.48,648.67,401.98,98.88,98.88,fwd002.0_y+0.0_0011_r001.9.png
4.0,+0.0,0.0300,-0.2710,3.8800,3.8896,4.02,1,3.9510,120.000,0.9691,644.4,644.17,442.29,48.59,48.59,644.43,442.38,47.83,47.83,fwd004.0_y+0.0_0012_r003.9.png
4.0,+0.0,0.0300,-0.2710,3.8800,3.8896,4.02,1,3.9510,120.000,0.9691,644.4,644.17,442.29,48.59,48.59,644.43,442.38,47.83,47.83,fwd004.0_y+0.0_0013_r003.9.png
4.0,+0.0,0.0300,-0.2710,3.8800,3.8896,4.02,1,3.9510,120.000,0.9691,644.4,644.17,442.29,48.59,48.59,644.43,442.38,47.83,47.83,fwd004.0_y+0.0_0014_r003.9.png
4.0,+0.0,0.0300,-0.2710,3.8800,3.8896,4.02,1,3.9510,120.000,0.9691,644.4,644.17,442.29,48.59,48.59,644.43,442.38,47.83,47.83,fwd004.0_y+0.0_0015_r003.9.png
4.0,+0.0,0.0300,-0.2710,3.8800,3.8896,4.02,1,3.9510,120.000,0.9691,644.4,644.17,442.29,48.59,48.59,644.43,442.38,47.83,47.83,fwd004.0_y+0.0_0016_r003.9.png
4.0,+0.0,0.0300,-0.2710,3.8800,3.8896,4.02,1,3.9510,120.000,0.9691,644.4,644.17,442.29,48.59,48.59,644.43,442.38,47.83,47.83,fwd004.0_y+0.0_0017_r003.9.png
4.0,+0.0,0.0300,-0.2710,3.8800,3.8896,4.02,1,3.9510,120.000,0.9691,644.4,644.17,442.29,48.59,48.59,644.43,442.38,47.83,47.83,fwd004.0_y+0.0_0018_r003.9.png
4.0,+0.0,0.0300,-0.2710,3.8800,3.8896,4.02,1,3.9510,120.000,0.9691,644.4,644.17,442.29,48.59,48.59,644.43,442.38,47.83,47.83,fwd004.0_y+0.0_0019_r003.9.png
4.0,+0.0,0.0300,-0.2710,3.8800,3.8896,4.02,1,3.9510,120.000,0.9691,644.4,644.17,442.29,48.59,48.59,644.43,442.38,47.83,47.83,fwd004.0_y+0.0_0020_r003.9.png
4.0,+0.0,0.0300,-0.2710,3.8800,3.8896,4.02,1,3.9510,120.000,0.9691,644.4,644.17,442.29,48.59,48.59,644.43,442.38,47.83,47.83,fwd004.0_y+0.0_0021_r003.9.png
4.0,+0.0,0.0300,-0.2710,3.8800,3.8896,4.02,1,3.9510,120.000,0.9691,644.4,644.17,442.29,48.59,48.59,644.43,442.38,47.83,47.83,fwd004.0_y+0.0_0022_r003.9.png
4.0,+0.0,0.0300,-0.2710,3.8800,3.8896,4.02,1,3.9510,120.000,0.9691,644.4,644.17,442.29,48.59,48.59,644.43,442.38,47.83,47.83,fwd004.0_y+0.0_0023_r003.9.png
6.0,+0.0,0.0300,-0.2710,5.8800,5.8863,2.65,1,6.0086,119.566,0.9597,642.9,642.75,455.12,32.10,32.10,642.89,455.05,31.45,31.45,fwd006.0_y+0.0_0024_r005.9.png
6.0,+0.0,0.0300,-0.2710,5.8800,5.8863,2.65,1,6.0086,119.566,0.9597,642.9,642.75,455.12,32.10,32.10,642.89,455.05,31.45,31.45,fwd006.0_y+0.0_0025_r005.9.png
6.0,+0.0,0.0300,-0.2710,5.8800,5.8863,2.65,1,6.0086,119.566,0.9597,642.9,642.75,455.12,32.10,32.10,642.89,455.05,31.45,31.45,fwd006.0_y+0.0_0026_r005.9.png
6.0,+0.0,0.0300,-0.2710,5.8800,5.8863,2.65,1,6.0086,119.566,0.9597,642.9,642.75,455.12,32.10,32.10,642.89,455.05,31.45,31.45,fwd006.0_y+0.0_0027_r005.9.png
6.0,+0.0,0.0300,-0.2710,5.8800,5.8863,2.65,1,6.0086,119.566,0.9597,642.9,642.75,455.12,32.10,32.10,642.89,455.05,31.45,31.45,fwd006.0_y+0.0_0028_r005.9.png
6.0,+0.0,0.0300,-0.2710,5.8800,5.8863,2.65,1,6.0086,119.566,0.9597,642.9,642.75,455.12,32.10,32.10,642.89,455.05,31.45,31.45,fwd006.0_y+0.0_0029_r005.9.png
6.0,+0.0,0.0300,-0.2710,5.8800,5.8863,2.65,1,6.0086,119.566,0.9597,642.9,642.75,455.12,32.10,32.10,642.89,455.05,31.45,31.45,fwd006.0_y+0.0_0030_r005.9.png
6.0,+0.0,0.0300,-0.2710,5.8800,5.8863,2.65,1,6.0086,119.566,0.9597,642.9,642.75,455.12,32.10,32.10,642.89,455.05,31.45,31.45,fwd006.0_y+0.0_0031_r005.9.png
6.0,+0.0,0.0300,-0.2710,5.8800,5.8863,2.65,1,6.0086,119.566,0.9597,642.9,642.75,455.12,32.10,32.10,642.89,455.05,31.45,31.45,fwd006.0_y+0.0_0032_r005.9.png
6.0,+0.0,0.0300,-0.2710,5.8800,5.8863,2.65,1,6.0086,119.566,0.9597,642.9,642.75,455.12,32.10,32.10,642.89,455.05,31.45,31.45,fwd006.0_y+0.0_0033_r005.9.png
6.0,+0.0,0.0300,-0.2710,5.8800,5.8863,2.65,1,6.0086,119.566,0.9597,642.9,642.75,455.12,32.10,32.10,642.89,455.05,31.45,31.45,fwd006.0_y+0.0_0034_r005.9.png
6.0,+0.0,0.0300,-0.2710,5.8800,5.8863,2.65,1,6.0086,119.566,0.9597,642.9,642.75,455.12,32.10,32.10,642.89,455.05,31.45,31.45,fwd006.0_y+0.0_0035_r005.9.png
8.0,+0.0,0.0300,-0.2710,7.8800,7.8847,1.98,1,8.0794,116.784,0.9524,642.1,642.06,461.43,23.97,23.97,642.11,461.32,23.39,23.39,fwd008.0_y+0.0_0036_r007.9.png
8.0,+0.0,0.0300,-0.2710,7.8800,7.8847,1.98,1,8.0794,116.784,0.9524,642.1,642.06,461.43,23.97,23.97,642.11,461.32,23.39,23.39,fwd008.0_y+0.0_0037_r007.9.png
8.0,+0.0,0.0300,-0.2710,7.8800,7.8847,1.98,1,8.0794,116.784,0.9524,642.1,642.06,461.43,23.97,23.97,642.11,461.32,23.39,23.39,fwd008.0_y+0.0_0038_r007.9.png
8.0,+0.0,0.0300,-0.2710,7.8800,7.8847,1.98,1,8.0794,116.784,0.9524,642.1,642.06,461.43,23.97,23.97,642.11,461.32,23.39,23.39,fwd008.0_y+0.0_0039_r007.9.png
8.0,+0.0,0.0300,-0.2710,7.8800,7.8847,1.98,1,8.0794,116.784,0.9524,642.1,642.06,461.43,23.97,23.97,642.11,461.32,23.39,23.39,fwd008.0_y+0.0_0040_r007.9.png
8.0,+0.0,0.0300,-0.2710,7.8800,7.8847,1.98,1,8.0794,116.784,0.9524,642.1,642.06,461.43,23.97,23.97,642.11,461.32,23.39,23.39,fwd008.0_y+0.0_0041_r007.9.png
8.0,+0.0,0.0300,-0.2710,7.8800,7.8847,1.98,1,8.0794,116.784,0.9524,642.1,642.06,461.43,23.97,23.97,642.11,461.32,23.39,23.39,fwd008.0_y+0.0_0042_r007.9.png
8.0,+0.0,0.0300,-0.2710,7.8800,7.8847,1.98,1,8.0794,116.784,0.9524,642.1,642.06,461.43,23.97,23.97,642.11,461.32,23.39,23.39,fwd008.0_y+0.0_0043_r007.9.png
8.0,+0.0,0.0300,-0.2710,7.8800,7.8847,1.98,1,8.0794,116.784,0.9524,642.1,642.06,461.43,23.97,23.97,642.11,461.32,23.39,23.39,fwd008.0_y+0.0_0044_r007.9.png
8.0,+0.0,0.0300,-0.2710,7.8800,7.8847,1.98,1,8.0794,116.784,0.9524,642.1,642.06,461.43,23.97,23.97,642.11,461.32,23.39,23.39,fwd008.0_y+0.0_0045_r007.9.png
8.0,+0.0,0.0300,-0.2710,7.8800,7.8847,1.98,1,8.0794,116.784,0.9524,642.1,642.06,461.43,23.97,23.97,642.11,461.32,23.39,23.39,fwd008.0_y+0.0_0046_r007.9.png
8.0,+0.0,0.0300,-0.2710,7.8800,7.8847,1.98,1,8.0794,116.784,0.9524,642.1,642.06,461.43,23.97,23.97,642.11,461.32,23.39,23.39,fwd008.0_y+0.0_0047_r007.9.png
10.0,+0.0,0.0300,-0.2710,9.8800,9.8838,1.58,1,10.1407,111.130,0.9500,641.6,641.64,465.19,19.12,19.12,641.63,465.18,18.64,18.64,fwd010.0_y+0.0_0048_r009.9.png
10.0,+0.0,0.0300,-0.2710,9.8800,9.8838,1.58,1,10.1407,111.130,0.9500,641.6,641.64,465.19,19.12,19.12,641.63,465.18,18.64,18.64,fwd010.0_y+0.0_0049_r009.9.png
10.0,+0.0,0.0300,-0.2710,9.8800,9.8838,1.58,1,10.1407,111.130,0.9500,641.6,641.64,465.19,19.12,19.12,641.63,465.18,18.64,18.64,fwd010.0_y+0.0_0050_r009.9.png
10.0,+0.0,0.0300,-0.2710,9.8800,9.8838,1.58,1,10.1407,111.130,0.9500,641.6,641.64,465.19,19.12,19.12,641.63,465.18,18.64,18.64,fwd010.0_y+0.0_0051_r009.9.png
10.0,+0.0,0.0300,-0.2710,9.8800,9.8838,1.58,1,10.1407,111.130,0.9500,641.6,641.64,465.19,19.12,19.12,641.63,465.18,18.64,18.64,fwd010.0_y+0.0_0052_r009.9.png
10.0,+0.0,0.0300,-0.2710,9.8800,9.8838,1.58,1,10.1407,111.130,0.9500,641.6,641.64,465.19,19.12,19.12,641.63,465.18,18.64,18.64,fwd010.0_y+0.0_0053_r009.9.png
10.0,+0.0,0.0300,-0.2710,9.8800,9.8838,1.58,1,10.1407,111.130,0.9500,641.6,641.64,465.19,19.12,19.12,641.63,465.18,18.64,18.64,fwd010.0_y+0.0_0054_r009.9.png
10.0,+0.0,0.0300,-0.2710,9.8800,9.8838,1.58,1,10.1407,111.130,0.9500,641.6,641.64,465.19,19.12,19.12,641.63,465.18,18.64,18.64,fwd010.0_y+0.0_0055_r009.9.png
10.0,+0.0,0.0300,-0.2710,9.8800,9.8838,1.58,1,10.1407,111.130,0.9500,641.6,641.64,465.19,19.12,19.12,641.63,465.18,18.64,18.64,fwd010.0_y+0.0_0056_r009.9.png
10.0,+0.0,0.0300,-0.2710,9.8800,9.8838,1.58,1,10.1407,111.130,0.9500,641.6,641.64,465.19,19.12,19.12,641.63,465.18,18.64,18.64,fwd010.0_y+0.0_0057_r009.9.png
10.0,+0.0,0.0300,-0.2710,9.8800,9.8838,1.58,1,10.1407,111.130,0.9500,641.6,641.64,465.19,19.12,19.12,641.63,465.18,18.64,18.64,fwd010.0_y+0.0_0058_r009.9.png
10.0,+0.0,0.0300,-0.2710,9.8800,9.8838,1.58,1,10.1407,111.130,0.9500,641.6,641.64,465.19,19.12,19.12,641.63,465.18,18.64,18.64,fwd010.0_y+0.0_0059_r009.9.png
12.0,+0.0,0.0300,-0.2710,11.8800,11.8831,1.31,0,,,,641.4,641.36,467.68,15.90,15.90,nan,nan,nan,nan,fwd012.0_y+0.0_0060_r011.9.png
12.0,+0.0,0.0300,-0.2710,11.8800,11.8831,1.31,0,,,,641.4,641.36,467.68,15.90,15.90,nan,nan,nan,nan,fwd012.0_y+0.0_0061_r011.9.png
12.0,+0.0,0.0300,-0.2710,11.8800,11.8831,1.31,0,,,,641.4,641.36,467.68,15.90,15.90,nan,nan,nan,nan,fwd012.0_y+0.0_0062_r011.9.png
12.0,+0.0,0.0300,-0.2710,11.8800,11.8831,1.31,0,,,,641.4,641.36,467.68,15.90,15.90,nan,nan,nan,nan,fwd012.0_y+0.0_0063_r011.9.png
12.0,+0.0,0.0300,-0.2710,11.8800,11.8831,1.31,0,,,,641.4,641.36,467.68,15.90,15.90,nan,nan,nan,nan,fwd012.0_y+0.0_0064_r011.9.png
12.0,+0.0,0.0300,-0.2710,11.8800,11.8831,1.31,0,,,,641.4,641.36,467.68,15.90,15.90,nan,nan,nan,nan,fwd012.0_y+0.0_0065_r011.9.png
12.0,+0.0,0.0300,-0.2710,11.8800,11.8831,1.31,0,,,,641.4,641.36,467.68,15.90,15.90,nan,nan,nan,nan,fwd012.0_y+0.0_0066_r011.9.png
12.0,+0.0,0.0300,-0.2710,11.8800,11.8831,1.31,0,,,,641.4,641.36,467.68,15.90,15.90,nan,nan,nan,nan,fwd012.0_y+0.0_0067_r011.9.png
12.0,+0.0,0.0300,-0.2710,11.8800,11.8831,1.31,0,,,,641.4,641.36,467.68,15.90,15.90,nan,nan,nan,nan,fwd012.0_y+0.0_0068_r011.9.png
12.0,+0.0,0.0300,-0.2710,11.8800,11.8831,1.31,0,,,,641.4,641.36,467.68,15.90,15.90,nan,nan,nan,nan,fwd012.0_y+0.0_0069_r011.9.png
12.0,+0.0,0.0300,-0.2710,11.8800,11.8831,1.31,0,,,,641.4,641.36,467.68,15.90,15.90,nan,nan,nan,nan,fwd012.0_y+0.0_0070_r011.9.png
12.0,+0.0,0.0300,-0.2710,11.8800,11.8831,1.31,0,,,,641.4,641.36,467.68,15.90,15.90,nan,nan,nan,nan,fwd012.0_y+0.0_0071_r011.9.png
14.0,+0.0,0.0300,-0.2710,13.8800,13.8827,1.13,0,,,,641.2,641.17,469.46,13.61,13.61,nan,nan,nan,nan,fwd014.0_y+0.0_0072_r013.9.png
14.0,+0.0,0.0300,-0.2710,13.8800,13.8827,1.13,0,,,,641.2,641.17,469.46,13.61,13.61,nan,nan,nan,nan,fwd014.0_y+0.0_0073_r013.9.png
14.0,+0.0,0.0300,-0.2710,13.8800,13.8827,1.13,0,,,,641.2,641.17,469.46,13.61,13.61,nan,nan,nan,nan,fwd014.0_y+0.0_0074_r013.9.png
14.0,+0.0,0.0300,-0.2710,13.8800,13.8827,1.13,0,,,,641.2,641.17,469.46,13.61,13.61,nan,nan,nan,nan,fwd014.0_y+0.0_0075_r013.9.png
14.0,+0.0,0.0300,-0.2710,13.8800,13.8827,1.13,0,,,,641.2,641.17,469.46,13.61,13.61,nan,nan,nan,nan,fwd014.0_y+0.0_0076_r013.9.png
14.0,+0.0,0.0300,-0.2710,13.8800,13.8827,1.13,0,,,,641.2,641.17,469.46,13.61,13.61,nan,nan,nan,nan,fwd014.0_y+0.0_0077_r013.9.png
14.0,+0.0,0.0300,-0.2710,13.8800,13.8827,1.13,0,,,,641.2,641.17,469.46,13.61,13.61,nan,nan,nan,nan,fwd014.0_y+0.0_0078_r013.9.png
14.0,+0.0,0.0300,-0.2710,13.8800,13.8827,1.13,0,,,,641.2,641.17,469.46,13.61,13.61,nan,nan,nan,nan,fwd014.0_y+0.0_0079_r013.9.png
14.0,+0.0,0.0300,-0.2710,13.8800,13.8827,1.13,0,,,,641.2,641.17,469.46,13.61,13.61,nan,nan,nan,nan,fwd014.0_y+0.0_0080_r013.9.png
14.0,+0.0,0.0300,-0.2710,13.8800,13.8827,1.13,0,,,,641.2,641.17,469.46,13.61,13.61,nan,nan,nan,nan,fwd014.0_y+0.0_0081_r013.9.png
14.0,+0.0,0.0300,-0.2710,13.8800,13.8827,1.13,0,,,,641.2,641.17,469.46,13.61,13.61,nan,nan,nan,nan,fwd014.0_y+0.0_0082_r013.9.png
14.0,+0.0,0.0300,-0.2710,13.8800,13.8827,1.13,0,,,,641.2,641.17,469.46,13.61,13.61,nan,nan,nan,nan,fwd014.0_y+0.0_0083_r013.9.png
16.0,+0.0,0.0300,-0.2710,15.8800,15.8823,0.98,0,,,,641.0,641.02,470.79,11.90,11.90,nan,nan,nan,nan,fwd016.0_y+0.0_0084_r015.9.png
16.0,+0.0,0.0300,-0.2710,15.8800,15.8823,0.98,0,,,,641.0,641.02,470.79,11.90,11.90,nan,nan,nan,nan,fwd016.0_y+0.0_0085_r015.9.png
16.0,+0.0,0.0300,-0.2710,15.8800,15.8823,0.98,0,,,,641.0,641.02,470.79,11.90,11.90,nan,nan,nan,nan,fwd016.0_y+0.0_0086_r015.9.png
16.0,+0.0,0.0300,-0.2710,15.8800,15.8823,0.98,0,,,,641.0,641.02,470.79,11.90,11.90,nan,nan,nan,nan,fwd016.0_y+0.0_0087_r015.9.png
16.0,+0.0,0.0300,-0.2710,15.8800,15.8823,0.98,0,,,,641.0,641.02,470.79,11.90,11.90,nan,nan,nan,nan,fwd016.0_y+0.0_0088_r015.9.png
16.0,+0.0,0.0300,-0.2710,15.8800,15.8823,0.98,0,,,,641.0,641.02,470.79,11.90,11.90,nan,nan,nan,nan,fwd016.0_y+0.0_0089_r015.9.png
16.0,+0.0,0.0300,-0.2710,15.8800,15.8823,0.98,0,,,,641.0,641.02,470.79,11.90,11.90,nan,nan,nan,nan,fwd016.0_y+0.0_0090_r015.9.png
16.0,+0.0,0.0300,-0.2710,15.8800,15.8823,0.98,0,,,,641.0,641.02,470.79,11.90,11.90,nan,nan,nan,nan,fwd016.0_y+0.0_0091_r015.9.png
16.0,+0.0,0.0300,-0.2710,15.8800,15.8823,0.98,0,,,,641.0,641.02,470.79,11.90,11.90,nan,nan,nan,nan,fwd016.0_y+0.0_0092_r015.9.png
16.0,+0.0,0.0300,-0.2710,15.8800,15.8823,0.98,0,,,,641.0,641.02,470.79,11.90,11.90,nan,nan,nan,nan,fwd016.0_y+0.0_0093_r015.9.png
16.0,+0.0,0.0300,-0.2710,15.8800,15.8823,0.98,0,,,,641.0,641.02,470.79,11.90,11.90,nan,nan,nan,nan,fwd016.0_y+0.0_0094_r015.9.png
16.0,+0.0,0.0300,-0.2710,15.8800,15.8823,0.98,0,,,,641.0,641.02,470.79,11.90,11.90,nan,nan,nan,nan,fwd016.0_y+0.0_0095_r015.9.png
18.0,+0.0,0.0300,-0.2710,17.8800,17.8821,0.87,0,,,,640.9,640.91,471.82,10.57,10.57,nan,nan,nan,nan,fwd018.0_y+0.0_0096_r017.9.png
18.0,+0.0,0.0300,-0.2710,17.8800,17.8821,0.87,0,,,,640.9,640.91,471.82,10.57,10.57,nan,nan,nan,nan,fwd018.0_y+0.0_0097_r017.9.png
18.0,+0.0,0.0300,-0.2710,17.8800,17.8821,0.87,0,,,,640.9,640.91,471.82,10.57,10.57,nan,nan,nan,nan,fwd018.0_y+0.0_0098_r017.9.png
18.0,+0.0,0.0300,-0.2710,17.8800,17.8821,0.87,0,,,,640.9,640.91,471.82,10.57,10.57,nan,nan,nan,nan,fwd018.0_y+0.0_0099_r017.9.png
18.0,+0.0,0.0300,-0.2710,17.8800,17.8821,0.87,0,,,,640.9,640.91,471.82,10.57,10.57,nan,nan,nan,nan,fwd018.0_y+0.0_0100_r017.9.png
18.0,+0.0,0.0300,-0.2710,17.8800,17.8821,0.87,0,,,,640.9,640.91,471.82,10.57,10.57,nan,nan,nan,nan,fwd018.0_y+0.0_0101_r017.9.png
18.0,+0.0,0.0300,-0.2710,17.8800,17.8821,0.87,0,,,,640.9,640.91,471.82,10.57,10.57,nan,nan,nan,nan,fwd018.0_y+0.0_0102_r017.9.png
18.0,+0.0,0.0300,-0.2710,17.8800,17.8821,0.87,0,,,,640.9,640.91,471.82,10.57,10.57,nan,nan,nan,nan,fwd018.0_y+0.0_0103_r017.9.png
18.0,+0.0,0.0300,-0.2710,17.8800,17.8821,0.87,0,,,,640.9,640.91,471.82,10.57,10.57,nan,nan,nan,nan,fwd018.0_y+0.0_0104_r017.9.png
18.0,+0.0,0.0300,-0.2710,17.8800,17.8821,0.87,0,,,,640.9,640.91,471.82,10.57,10.57,nan,nan,nan,nan,fwd018.0_y+0.0_0105_r017.9.png
18.0,+0.0,0.0300,-0.2710,17.8800,17.8821,0.87,0,,,,640.9,640.91,471.82,10.57,10.57,nan,nan,nan,nan,fwd018.0_y+0.0_0106_r017.9.png
18.0,+0.0,0.0300,-0.2710,17.8800,17.8821,0.87,0,,,,640.9,640.91,471.82,10.57,10.57,nan,nan,nan,nan,fwd018.0_y+0.0_0107_r017.9.png
20.0,+0.0,0.0300,-0.2710,19.8800,19.8819,0.79,0,,,,640.8,640.81,472.64,9.51,9.51,nan,nan,nan,nan,fwd020.0_y+0.0_0108_r019.9.png
20.0,+0.0,0.0300,-0.2710,19.8800,19.8819,0.79,0,,,,640.8,640.81,472.64,9.51,9.51,nan,nan,nan,nan,fwd020.0_y+0.0_0109_r019.9.png
20.0,+0.0,0.0300,-0.2710,19.8800,19.8819,0.79,0,,,,640.8,640.81,472.64,9.51,9.51,nan,nan,nan,nan,fwd020.0_y+0.0_0110_r019.9.png
20.0,+0.0,0.0300,-0.2710,19.8800,19.8819,0.79,0,,,,640.8,640.81,472.64,9.51,9.51,nan,nan,nan,nan,fwd020.0_y+0.0_0111_r019.9.png
20.0,+0.0,0.0300,-0.2710,19.8800,19.8819,0.79,0,,,,640.8,640.81,472.64,9.51,9.51,nan,nan,nan,nan,fwd020.0_y+0.0_0112_r019.9.png
20.0,+0.0,0.0300,-0.2710,19.8800,19.8819,0.79,0,,,,640.8,640.81,472.64,9.51,9.51,nan,nan,nan,nan,fwd020.0_y+0.0_0113_r019.9.png
20.0,+0.0,0.0300,-0.2710,19.8800,19.8819,0.79,0,,,,640.8,640.81,472.64,9.51,9.51,nan,nan,nan,nan,fwd020.0_y+0.0_0114_r019.9.png
20.0,+0.0,0.0300,-0.2710,19.8800,19.8819,0.79,0,,,,640.8,640.81,472.64,9.51,9.51,nan,nan,nan,nan,fwd020.0_y+0.0_0115_r019.9.png
20.0,+0.0,0.0300,-0.2710,19.8800,19.8819,0.79,0,,,,640.8,640.81,472.64,9.51,9.51,nan,nan,nan,nan,fwd020.0_y+0.0_0116_r019.9.png
20.0,+0.0,0.0300,-0.2710,19.8800,19.8819,0.79,0,,,,640.8,640.81,472.64,9.51,9.51,nan,nan,nan,nan,fwd020.0_y+0.0_0117_r019.9.png
20.0,+0.0,0.0300,-0.2710,19.8800,19.8819,0.79,0,,,,640.8,640.81,472.64,9.51,9.51,nan,nan,nan,nan,fwd020.0_y+0.0_0118_r019.9.png
20.0,+0.0,0.0300,-0.2710,19.8800,19.8819,0.79,0,,,,640.8,640.81,472.64,9.51,9.51,nan,nan,nan,nan,fwd020.0_y+0.0_0119_r019.9.png
22.0,+0.0,0.0300,-0.2710,21.8800,21.8817,0.71,0,,,,640.7,640.74,473.31,8.64,8.64,nan,nan,nan,nan,fwd022.0_y+0.0_0120_r021.9.png
22.0,+0.0,0.0300,-0.2710,21.8800,21.8817,0.71,0,,,,640.7,640.74,473.31,8.64,8.64,nan,nan,nan,nan,fwd022.0_y+0.0_0121_r021.9.png
22.0,+0.0,0.0300,-0.2710,21.8800,21.8817,0.71,0,,,,640.7,640.74,473.31,8.64,8.64,nan,nan,nan,nan,fwd022.0_y+0.0_0122_r021.9.png
22.0,+0.0,0.0300,-0.2710,21.8800,21.8817,0.71,0,,,,640.7,640.74,473.31,8.64,8.64,nan,nan,nan,nan,fwd022.0_y+0.0_0123_r021.9.png
22.0,+0.0,0.0300,-0.2710,21.8800,21.8817,0.71,0,,,,640.7,640.74,473.31,8.64,8.64,nan,nan,nan,nan,fwd022.0_y+0.0_0124_r021.9.png
22.0,+0.0,0.0300,-0.2710,21.8800,21.8817,0.71,0,,,,640.7,640.74,473.31,8.64,8.64,nan,nan,nan,nan,fwd022.0_y+0.0_0125_r021.9.png
22.0,+0.0,0.0300,-0.2710,21.8800,21.8817,0.71,0,,,,640.7,640.74,473.31,8.64,8.64,nan,nan,nan,nan,fwd022.0_y+0.0_0126_r021.9.png
22.0,+0.0,0.0300,-0.2710,21.8800,21.8817,0.71,0,,,,640.7,640.74,473.31,8.64,8.64,nan,nan,nan,nan,fwd022.0_y+0.0_0127_r021.9.png
22.0,+0.0,0.0300,-0.2710,21.8800,21.8817,0.71,0,,,,640.7,640.74,473.31,8.64,8.64,nan,nan,nan,nan,fwd022.0_y+0.0_0128_r021.9.png
22.0,+0.0,0.0300,-0.2710,21.8800,21.8817,0.71,0,,,,640.7,640.74,473.31,8.64,8.64,nan,nan,nan,nan,fwd022.0_y+0.0_0129_r021.9.png
22.0,+0.0,0.0300,-0.2710,21.8800,21.8817,0.71,0,,,,640.7,640.74,473.31,8.64,8.64,nan,nan,nan,nan,fwd022.0_y+0.0_0130_r021.9.png
22.0,+0.0,0.0300,-0.2710,21.8800,21.8817,0.71,0,,,,640.7,640.74,473.31,8.64,8.64,nan,nan,nan,nan,fwd022.0_y+0.0_0131_r021.9.png
24.0,+0.0,0.0300,-0.2710,23.8800,23.8816,0.65,0,,,,640.7,640.68,473.87,7.91,7.91,nan,nan,nan,nan,fwd024.0_y+0.0_0132_r023.9.png
24.0,+0.0,0.0300,-0.2710,23.8800,23.8816,0.65,0,,,,640.7,640.68,473.87,7.91,7.91,nan,nan,nan,nan,fwd024.0_y+0.0_0133_r023.9.png
24.0,+0.0,0.0300,-0.2710,23.8800,23.8816,0.65,0,,,,640.7,640.68,473.87,7.91,7.91,nan,nan,nan,nan,fwd024.0_y+0.0_0134_r023.9.png
24.0,+0.0,0.0300,-0.2710,23.8800,23.8816,0.65,0,,,,640.7,640.68,473.87,7.91,7.91,nan,nan,nan,nan,fwd024.0_y+0.0_0135_r023.9.png
24.0,+0.0,0.0300,-0.2710,23.8800,23.8816,0.65,0,,,,640.7,640.68,473.87,7.91,7.91,nan,nan,nan,nan,fwd024.0_y+0.0_0136_r023.9.png
24.0,+0.0,0.0300,-0.2710,23.8800,23.8816,0.65,0,,,,640.7,640.68,473.87,7.91,7.91,nan,nan,nan,nan,fwd024.0_y+0.0_0137_r023.9.png
24.0,+0.0,0.0300,-0.2710,23.8800,23.8816,0.65,0,,,,640.7,640.68,473.87,7.91,7.91,nan,nan,nan,nan,fwd024.0_y+0.0_0138_r023.9.png
24.0,+0.0,0.0300,-0.2710,23.8800,23.8816,0.65,0,,,,640.7,640.68,473.87,7.91,7.91,nan,nan,nan,nan,fwd024.0_y+0.0_0139_r023.9.png
24.0,+0.0,0.0300,-0.2710,23.8800,23.8816,0.65,0,,,,640.7,640.68,473.87,7.91,7.91,nan,nan,nan,nan,fwd024.0_y+0.0_0140_r023.9.png
24.0,+0.0,0.0300,-0.2710,23.8800,23.8816,0.65,0,,,,640.7,640.68,473.87,7.91,7.91,nan,nan,nan,nan,fwd024.0_y+0.0_0141_r023.9.png
24.0,+0.0,0.0300,-0.2710,23.8800,23.8816,0.65,0,,,,640.7,640.68,473.87,7.91,7.91,nan,nan,nan,nan,fwd024.0_y+0.0_0142_r023.9.png
24.0,+0.0,0.0300,-0.2710,23.8800,23.8816,0.65,0,,,,640.7,640.68,473.87,7.91,7.91,nan,nan,nan,nan,fwd024.0_y+0.0_0143_r023.9.png
26.0,+0.0,0.0300,-0.2710,25.8800,25.8814,0.60,0,,,,640.6,640.63,474.35,7.30,7.30,nan,nan,nan,nan,fwd026.0_y+0.0_0144_r025.9.png
26.0,+0.0,0.0300,-0.2710,25.8800,25.8814,0.60,0,,,,640.6,640.63,474.35,7.30,7.30,nan,nan,nan,nan,fwd026.0_y+0.0_0145_r025.9.png
26.0,+0.0,0.0300,-0.2710,25.8800,25.8814,0.60,0,,,,640.6,640.63,474.35,7.30,7.30,nan,nan,nan,nan,fwd026.0_y+0.0_0146_r025.9.png
26.0,+0.0,0.0300,-0.2710,25.8800,25.8814,0.60,0,,,,640.6,640.63,474.35,7.30,7.30,nan,nan,nan,nan,fwd026.0_y+0.0_0147_r025.9.png
26.0,+0.0,0.0300,-0.2710,25.8800,25.8814,0.60,0,,,,640.6,640.63,474.35,7.30,7.30,nan,nan,nan,nan,fwd026.0_y+0.0_0148_r025.9.png
26.0,+0.0,0.0300,-0.2710,25.8800,25.8814,0.60,0,,,,640.6,640.63,474.35,7.30,7.30,nan,nan,nan,nan,fwd026.0_y+0.0_0149_r025.9.png
26.0,+0.0,0.0300,-0.2710,25.8800,25.8814,0.60,0,,,,640.6,640.63,474.35,7.30,7.30,nan,nan,nan,nan,fwd026.0_y+0.0_0150_r025.9.png
26.0,+0.0,0.0300,-0.2710,25.8800,25.8814,0.60,0,,,,640.6,640.63,474.35,7.30,7.30,nan,nan,nan,nan,fwd026.0_y+0.0_0151_r025.9.png
26.0,+0.0,0.0300,-0.2710,25.8800,25.8814,0.60,0,,,,640.6,640.63,474.35,7.30,7.30,nan,nan,nan,nan,fwd026.0_y+0.0_0152_r025.9.png
26.0,+0.0,0.0300,-0.2710,25.8800,25.8814,0.60,0,,,,640.6,640.63,474.35,7.30,7.30,nan,nan,nan,nan,fwd026.0_y+0.0_0153_r025.9.png
26.0,+0.0,0.0300,-0.2710,25.8800,25.8814,0.60,0,,,,640.6,640.63,474.35,7.30,7.30,nan,nan,nan,nan,fwd026.0_y+0.0_0154_r025.9.png
26.0,+0.0,0.0300,-0.2710,25.8800,25.8814,0.60,0,,,,640.6,640.63,474.35,7.30,7.30,nan,nan,nan,nan,fwd026.0_y+0.0_0155_r025.9.png
28.0,+0.0,0.0300,-0.2710,27.8800,27.8813,0.56,0,,,,640.6,640.58,474.75,6.78,6.78,nan,nan,nan,nan,fwd028.0_y+0.0_0156_r027.9.png
28.0,+0.0,0.0300,-0.2710,27.8800,27.8813,0.56,0,,,,640.6,640.58,474.75,6.78,6.78,nan,nan,nan,nan,fwd028.0_y+0.0_0157_r027.9.png
28.0,+0.0,0.0300,-0.2710,27.8800,27.8813,0.56,0,,,,640.6,640.58,474.75,6.78,6.78,nan,nan,nan,nan,fwd028.0_y+0.0_0158_r027.9.png
28.0,+0.0,0.0300,-0.2710,27.8800,27.8813,0.56,0,,,,640.6,640.58,474.75,6.78,6.78,nan,nan,nan,nan,fwd028.0_y+0.0_0159_r027.9.png
28.0,+0.0,0.0300,-0.2710,27.8800,27.8813,0.56,0,,,,640.6,640.58,474.75,6.78,6.78,nan,nan,nan,nan,fwd028.0_y+0.0_0160_r027.9.png
28.0,+0.0,0.0300,-0.2710,27.8800,27.8813,0.56,0,,,,640.6,640.58,474.75,6.78,6.78,nan,nan,nan,nan,fwd028.0_y+0.0_0161_r027.9.png
28.0,+0.0,0.0300,-0.2710,27.8800,27.8813,0.56,0,,,,640.6,640.58,474.75,6.78,6.78,nan,nan,nan,nan,fwd028.0_y+0.0_0162_r027.9.png
28.0,+0.0,0.0300,-0.2710,27.8800,27.8813,0.56,0,,,,640.6,640.58,474.75,6.78,6.78,nan,nan,nan,nan,fwd028.0_y+0.0_0163_r027.9.png
28.0,+0.0,0.0300,-0.2710,27.8800,27.8813,0.56,0,,,,640.6,640.58,474.75,6.78,6.78,nan,nan,nan,nan,fwd028.0_y+0.0_0164_r027.9.png
28.0,+0.0,0.0300,-0.2710,27.8800,27.8813,0.56,0,,,,640.6,640.58,474.75,6.78,6.78,nan,nan,nan,nan,fwd028.0_y+0.0_0165_r027.9.png
28.0,+0.0,0.0300,-0.2710,27.8800,27.8813,0.56,0,,,,640.6,640.58,474.75,6.78,6.78,nan,nan,nan,nan,fwd028.0_y+0.0_0166_r027.9.png
28.0,+0.0,0.0300,-0.2710,27.8800,27.8813,0.56,0,,,,640.6,640.58,474.75,6.78,6.78,nan,nan,nan,nan,fwd028.0_y+0.0_0167_r027.9.png
30.0,+0.0,0.0300,-0.2710,29.8800,29.8812,0.52,0,,,,640.5,640.54,475.10,6.32,6.32,nan,nan,nan,nan,fwd030.0_y+0.0_0168_r029.9.png
30.0,+0.0,0.0300,-0.2710,29.8800,29.8812,0.52,0,,,,640.5,640.54,475.10,6.32,6.32,nan,nan,nan,nan,fwd030.0_y+0.0_0169_r029.9.png
30.0,+0.0,0.0300,-0.2710,29.8800,29.8812,0.52,0,,,,640.5,640.54,475.10,6.32,6.32,nan,nan,nan,nan,fwd030.0_y+0.0_0170_r029.9.png
30.0,+0.0,0.0300,-0.2710,29.8800,29.8812,0.52,0,,,,640.5,640.54,475.10,6.32,6.32,nan,nan,nan,nan,fwd030.0_y+0.0_0171_r029.9.png
30.0,+0.0,0.0300,-0.2710,29.8800,29.8812,0.52,0,,,,640.5,640.54,475.10,6.32,6.32,nan,nan,nan,nan,fwd030.0_y+0.0_0172_r029.9.png
30.0,+0.0,0.0300,-0.2710,29.8800,29.8812,0.52,0,,,,640.5,640.54,475.10,6.32,6.32,nan,nan,nan,nan,fwd030.0_y+0.0_0173_r029.9.png
30.0,+0.0,0.0300,-0.2710,29.8800,29.8812,0.52,0,,,,640.5,640.54,475.10,6.32,6.32,nan,nan,nan,nan,fwd030.0_y+0.0_0174_r029.9.png
30.0,+0.0,0.0300,-0.2710,29.8800,29.8812,0.52,0,,,,640.5,640.54,475.10,6.32,6.32,nan,nan,nan,nan,fwd030.0_y+0.0_0175_r029.9.png
30.0,+0.0,0.0300,-0.2710,29.8800,29.8812,0.52,0,,,,640.5,640.54,475.10,6.32,6.32,nan,nan,nan,nan,fwd030.0_y+0.0_0176_r029.9.png
30.0,+0.0,0.0300,-0.2710,29.8800,29.8812,0.52,0,,,,640.5,640.54,475.10,6.32,6.32,nan,nan,nan,nan,fwd030.0_y+0.0_0177_r029.9.png
30.0,+0.0,0.0300,-0.2710,29.8800,29.8812,0.52,0,,,,640.5,640.54,475.10,6.32,6.32,nan,nan,nan,nan,fwd030.0_y+0.0_0178_r029.9.png
30.0,+0.0,0.0300,-0.2710,29.8800,29.8812,0.52,0,,,,640.5,640.54,475.10,6.32,6.32,nan,nan,nan,nan,fwd030.0_y+0.0_0179_r029.9.png
8.0,+3.0,3.0300,-0.2710,7.8800,8.4468,21.11,1,8.6771,115.204,0.9476,847.7,847.62,461.43,22.37,22.37,847.71,461.30,21.78,21.78,fwd008.0_y+3.0_0180_r008.4.png
8.0,+3.0,3.0300,-0.2710,7.8800,8.4468,21.11,1,8.6771,115.204,0.9476,847.7,847.62,461.43,22.37,22.37,847.71,461.30,21.78,21.78,fwd008.0_y+3.0_0181_r008.4.png
8.0,+3.0,3.0300,-0.2710,7.8800,8.4468,21.11,1,8.6771,115.204,0.9476,847.7,847.62,461.43,22.37,22.37,847.71,461.30,21.78,21.78,fwd008.0_y+3.0_0182_r008.4.png
8.0,+3.0,3.0300,-0.2710,7.8800,8.4468,21.11,1,8.6771,115.204,0.9476,847.7,847.62,461.43,22.37,22.37,847.71,461.30,21.78,21.78,fwd008.0_y+3.0_0183_r008.4.png
8.0,+3.0,3.0300,-0.2710,7.8800,8.4468,21.11,1,8.6771,115.204,0.9476,847.7,847.62,461.43,22.37,22.37,847.71,461.30,21.78,21.78,fwd008.0_y+3.0_0184_r008.4.png
8.0,+3.0,3.0300,-0.2710,7.8800,8.4468,21.11,1,8.6771,115.204,0.9476,847.7,847.62,461.43,22.37,22.37,847.71,461.30,21.78,21.78,fwd008.0_y+3.0_0185_r008.4.png
8.0,+3.0,3.0300,-0.2710,7.8800,8.4468,21.11,1,8.6771,115.204,0.9476,847.7,847.62,461.43,22.37,22.37,847.71,461.30,21.78,21.78,fwd008.0_y+3.0_0186_r008.4.png
8.0,+3.0,3.0300,-0.2710,7.8800,8.4468,21.11,1,8.6771,115.204,0.9476,847.7,847.62,461.43,22.37,22.37,847.71,461.30,21.78,21.78,fwd008.0_y+3.0_0187_r008.4.png
8.0,+3.0,3.0300,-0.2710,7.8800,8.4468,21.11,1,8.6771,115.204,0.9476,847.7,847.62,461.43,22.37,22.37,847.71,461.30,21.78,21.78,fwd008.0_y+3.0_0188_r008.4.png
8.0,+3.0,3.0300,-0.2710,7.8800,8.4468,21.11,1,8.6771,115.204,0.9476,847.7,847.62,461.43,22.37,22.37,847.71,461.30,21.78,21.78,fwd008.0_y+3.0_0189_r008.4.png
8.0,+3.0,3.0300,-0.2710,7.8800,8.4468,21.11,1,8.6771,115.204,0.9476,847.7,847.62,461.43,22.37,22.37,847.71,461.30,21.78,21.78,fwd008.0_y+3.0_0190_r008.4.png
8.0,+3.0,3.0300,-0.2710,7.8800,8.4468,21.11,1,8.6771,115.204,0.9476,847.7,847.62,461.43,22.37,22.37,847.71,461.30,21.78,21.78,fwd008.0_y+3.0_0191_r008.4.png
8.0,-3.0,-2.9700,-0.2710,7.8800,8.4255,20.73,1,8.7015,117.746,0.9376,436.5,436.50,461.43,22.43,22.43,436.51,461.26,21.72,21.72,fwd008.0_y-3.0_0192_r008.4.png
8.0,-3.0,-2.9700,-0.2710,7.8800,8.4255,20.73,1,8.7015,117.746,0.9376,436.5,436.50,461.43,22.43,22.43,436.51,461.26,21.72,21.72,fwd008.0_y-3.0_0193_r008.4.png
8.0,-3.0,-2.9700,-0.2710,7.8800,8.4255,20.73,1,8.7015,117.746,0.9376,436.5,436.50,461.43,22.43,22.43,436.51,461.26,21.72,21.72,fwd008.0_y-3.0_0194_r008.4.png
8.0,-3.0,-2.9700,-0.2710,7.8800,8.4255,20.73,1,8.7015,117.746,0.9376,436.5,436.50,461.43,22.43,22.43,436.51,461.26,21.72,21.72,fwd008.0_y-3.0_0195_r008.4.png
8.0,-3.0,-2.9700,-0.2710,7.8800,8.4255,20.73,1,8.7015,117.746,0.9376,436.5,436.50,461.43,22.43,22.43,436.51,461.26,21.72,21.72,fwd008.0_y-3.0_0196_r008.4.png
8.0,-3.0,-2.9700,-0.2710,7.8800,8.4255,20.73,1,8.7015,117.746,0.9376,436.5,436.50,461.43,22.43,22.43,436.51,461.26,21.72,21.72,fwd008.0_y-3.0_0197_r008.4.png
8.0,-3.0,-2.9700,-0.2710,7.8800,8.4255,20.73,1,8.7015,117.746,0.9376,436.5,436.50,461.43,22.43,22.43,436.51,461.26,21.72,21.72,fwd008.0_y-3.0_0198_r008.4.png
8.0,-3.0,-2.9700,-0.2710,7.8800,8.4255,20.73,1,8.7015,117.746,0.9376,436.5,436.50,461.43,22.43,22.43,436.51,461.26,21.72,21.72,fwd008.0_y-3.0_0199_r008.4.png
8.0,-3.0,-2.9700,-0.2710,7.8800,8.4255,20.73,1,8.7015,117.746,0.9376,436.5,436.50,461.43,22.43,22.43,436.51,461.26,21.72,21.72,fwd008.0_y-3.0_0200_r008.4.png
8.0,-3.0,-2.9700,-0.2710,7.8800,8.4255,20.73,1,8.7015,117.746,0.9376,436.5,436.50,461.43,22.43,22.43,436.51,461.26,21.72,21.72,fwd008.0_y-3.0_0201_r008.4.png
8.0,-3.0,-2.9700,-0.2710,7.8800,8.4255,20.73,1,8.7015,117.746,0.9376,436.5,436.50,461.43,22.43,22.43,436.51,461.26,21.72,21.72,fwd008.0_y-3.0_0202_r008.4.png
8.0,-3.0,-2.9700,-0.2710,7.8800,8.4255,20.73,1,8.7015,117.746,0.9376,436.5,436.50,461.43,22.43,22.43,436.51,461.26,21.72,21.72,fwd008.0_y-3.0_0203_r008.4.png
8.0,+5.0,5.0300,-0.2710,7.8800,9.3525,32.59,1,9.6264,114.903,0.9439,984.7,984.65,461.43,20.21,20.21,984.67,461.26,19.63,19.63,fwd008.0_y+5.0_0204_r009.4.png
8.0,+5.0,5.0300,-0.2710,7.8800,9.3525,32.59,1,9.6264,114.903,0.9439,984.7,984.65,461.43,20.21,20.21,984.67,461.26,19.63,19.63,fwd008.0_y+5.0_0205_r009.4.png
8.0,+5.0,5.0300,-0.2710,7.8800,9.3525,32.59,1,9.6264,114.903,0.9439,984.7,984.65,461.43,20.21,20.21,984.67,461.26,19.63,19.63,fwd008.0_y+5.0_0206_r009.4.png
8.0,+5.0,5.0300,-0.2710,7.8800,9.3525,32.59,1,9.6264,114.903,0.9439,984.7,984.65,461.43,20.21,20.21,984.67,461.26,19.63,19.63,fwd008.0_y+5.0_0207_r009.4.png
8.0,+5.0,5.0300,-0.2710,7.8800,9.3525,32.59,1,9.6264,114.903,0.9439,984.7,984.65,461.43,20.21,20.21,984.67,461.26,19.63,19.63,fwd008.0_y+5.0_0208_r009.4.png
8.0,+5.0,5.0300,-0.2710,7.8800,9.3525,32.59,1,9.6264,114.903,0.9439,984.7,984.65,461.43,20.21,20.21,984.67,461.26,19.63,19.63,fwd008.0_y+5.0_0209_r009.4.png
8.0,+5.0,5.0300,-0.2710,7.8800,9.3525,32.59,1,9.6264,114.903,0.9439,984.7,984.65,461.43,20.21,20.21,984.67,461.26,19.63,19.63,fwd008.0_y+5.0_0210_r009.4.png
8.0,+5.0,5.0300,-0.2710,7.8800,9.3525,32.59,1,9.6264,114.903,0.9439,984.7,984.65,461.43,20.21,20.21,984.67,461.26,19.63,19.63,fwd008.0_y+5.0_0211_r009.4.png
8.0,+5.0,5.0300,-0.2710,7.8800,9.3525,32.59,1,9.6264,114.903,0.9439,984.7,984.65,461.43,20.21,20.21,984.67,461.26,19.63,19.63,fwd008.0_y+5.0_0212_r009.4.png
8.0,+5.0,5.0300,-0.2710,7.8800,9.3525,32.59,1,9.6264,114.903,0.9439,984.7,984.65,461.43,20.21,20.21,984.67,461.26,19.63,19.63,fwd008.0_y+5.0_0213_r009.4.png
8.0,+5.0,5.0300,-0.2710,7.8800,9.3525,32.59,1,9.6264,114.903,0.9439,984.7,984.65,461.43,20.21,20.21,984.67,461.26,19.63,19.63,fwd008.0_y+5.0_0214_r009.4.png
8.0,+5.0,5.0300,-0.2710,7.8800,9.3525,32.59,1,9.6264,114.903,0.9439,984.7,984.65,461.43,20.21,20.21,984.67,461.26,19.63,19.63,fwd008.0_y+5.0_0215_r009.4.png
12.0,+4.0,4.0300,-0.2710,11.8800,12.5479,18.78,1,12.8466,88.257,0.9540,823.2,823.16,467.68,15.06,15.06,823.19,467.54,14.71,14.71,fwd012.0_y+4.0_0216_r012.5.png
12.0,+4.0,4.0300,-0.2710,11.8800,12.5479,18.78,1,12.8466,88.257,0.9540,823.2,823.16,467.68,15.06,15.06,823.19,467.54,14.71,14.71,fwd012.0_y+4.0_0217_r012.5.png
12.0,+4.0,4.0300,-0.2710,11.8800,12.5479,18.78,1,12.8466,88.257,0.9540,823.2,823.16,467.68,15.06,15.06,823.19,467.54,14.71,14.71,fwd012.0_y+4.0_0218_r012.5.png
12.0,+4.0,4.0300,-0.2710,11.8800,12.5479,18.78,1,12.8466,88.257,0.9540,823.2,823.16,467.68,15.06,15.06,823.19,467.54,14.71,14.71,fwd012.0_y+4.0_0219_r012.5.png
12.0,+4.0,4.0300,-0.2710,11.8800,12.5479,18.78,1,12.8466,88.257,0.9540,823.2,823.16,467.68,15.06,15.06,823.19,467.54,14.71,14.71,fwd012.0_y+4.0_0220_r012.5.png
12.0,+4.0,4.0300,-0.2710,11.8800,12.5479,18.78,1,12.8466,88.257,0.9540,823.2,823.16,467.68,15.06,15.06,823.19,467.54,14.71,14.71,fwd012.0_y+4.0_0221_r012.5.png
12.0,+4.0,4.0300,-0.2710,11.8800,12.5479,18.78,1,12.8466,88.257,0.9540,823.2,823.16,467.68,15.06,15.06,823.19,467.54,14.71,14.71,fwd012.0_y+4.0_0222_r012.5.png
12.0,+4.0,4.0300,-0.2710,11.8800,12.5479,18.78,1,12.8466,88.257,0.9540,823.2,823.16,467.68,15.06,15.06,823.19,467.54,14.71,14.71,fwd012.0_y+4.0_0223_r012.5.png
12.0,+4.0,4.0300,-0.2710,11.8800,12.5479,18.78,1,12.8466,88.257,0.9540,823.2,823.16,467.68,15.06,15.06,823.19,467.54,14.71,14.71,fwd012.0_y+4.0_0224_r012.5.png
12.0,+4.0,4.0300,-0.2710,11.8800,12.5479,18.78,1,12.8466,88.257,0.9540,823.2,823.16,467.68,15.06,15.06,823.19,467.54,14.71,14.71,fwd012.0_y+4.0_0225_r012.5.png
12.0,+4.0,4.0300,-0.2710,11.8800,12.5479,18.78,1,12.8466,88.257,0.9540,823.2,823.16,467.68,15.06,15.06,823.19,467.54,14.71,14.71,fwd012.0_y+4.0_0226_r012.5.png
12.0,+4.0,4.0300,-0.2710,11.8800,12.5479,18.78,1,12.8466,88.257,0.9540,823.2,823.16,467.68,15.06,15.06,823.19,467.54,14.71,14.71,fwd012.0_y+4.0_0227_r012.5.png
12.0,-4.0,-3.9700,-0.2710,11.8800,12.5287,18.52,1,12.8572,96.027,0.9496,459.6,459.57,467.68,15.08,15.08,459.57,467.57,14.70,14.70,fwd012.0_y-4.0_0228_r012.5.png
12.0,-4.0,-3.9700,-0.2710,11.8800,12.5287,18.52,1,12.8572,96.027,0.9496,459.6,459.57,467.68,15.08,15.08,459.57,467.57,14.70,14.70,fwd012.0_y-4.0_0229_r012.5.png
12.0,-4.0,-3.9700,-0.2710,11.8800,12.5287,18.52,1,12.8572,96.027,0.9496,459.6,459.57,467.68,15.08,15.08,459.57,467.57,14.70,14.70,fwd012.0_y-4.0_0230_r012.5.png
12.0,-4.0,-3.9700,-0.2710,11.8800,12.5287,18.52,1,12.8572,96.027,0.9496,459.6,459.57,467.68,15.08,15.08,459.57,467.57,14.70,14.70,fwd012.0_y-4.0_0231_r012.5.png
12.0,-4.0,-3.9700,-0.2710,11.8800,12.5287,18.52,1,12.8572,96.027,0.9496,459.6,459.57,467.68,15.08,15.08,459.57,467.57,14.70,14.70,fwd012.0_y-4.0_0232_r012.5.png
12.0,-4.0,-3.9700,-0.2710,11.8800,12.5287,18.52,1,12.8572,96.027,0.9496,459.6,459.57,467.68,15.08,15.08,459.57,467.57,14.70,14.70,fwd012.0_y-4.0_0233_r012.5.png
12.0,-4.0,-3.9700,-0.2710,11.8800,12.5287,18.52,1,12.8572,96.027,0.9496,459.6,459.57,467.68,15.08,15.08,459.57,467.57,14.70,14.70,fwd012.0_y-4.0_0234_r012.5.png
12.0,-4.0,-3.9700,-0.2710,11.8800,12.5287,18.52,1,12.8572,96.027,0.9496,459.6,459.57,467.68,15.08,15.08,459.57,467.57,14.70,14.70,fwd012.0_y-4.0_0235_r012.5.png
12.0,-4.0,-3.9700,-0.2710,11.8800,12.5287,18.52,1,12.8572,96.027,0.9496,459.6,459.57,467.68,15.08,15.08,459.57,467.57,14.70,14.70,fwd012.0_y-4.0_0236_r012.5.png
12.0,-4.0,-3.9700,-0.2710,11.8800,12.5287,18.52,1,12.8572,96.027,0.9496,459.6,459.57,467.68,15.08,15.08,459.57,467.57,14.70,14.70,fwd012.0_y-4.0_0237_r012.5.png
12.0,-4.0,-3.9700,-0.2710,11.8800,12.5287,18.52,1,12.8572,96.027,0.9496,459.6,459.57,467.68,15.08,15.08,459.57,467.57,14.70,14.70,fwd012.0_y-4.0_0238_r012.5.png
12.0,-4.0,-3.9700,-0.2710,11.8800,12.5287,18.52,1,12.8572,96.027,0.9496,459.6,459.57,467.68,15.08,15.08,459.57,467.57,14.70,14.70,fwd012.0_y-4.0_0239_r012.5.png
16.0,+5.0,5.0300,-0.2710,15.8800,16.6598,17.60,0,,,,811.0,811.03,470.79,11.34,11.34,nan,nan,nan,nan,fwd016.0_y+5.0_0240_r016.7.png
16.0,+5.0,5.0300,-0.2710,15.8800,16.6598,17.60,0,,,,811.0,811.03,470.79,11.34,11.34,nan,nan,nan,nan,fwd016.0_y+5.0_0241_r016.7.png
16.0,+5.0,5.0300,-0.2710,15.8800,16.6598,17.60,0,,,,811.0,811.03,470.79,11.34,11.34,nan,nan,nan,nan,fwd016.0_y+5.0_0242_r016.7.png
16.0,+5.0,5.0300,-0.2710,15.8800,16.6598,17.60,0,,,,811.0,811.03,470.79,11.34,11.34,nan,nan,nan,nan,fwd016.0_y+5.0_0243_r016.7.png
16.0,+5.0,5.0300,-0.2710,15.8800,16.6598,17.60,0,,,,811.0,811.03,470.79,11.34,11.34,nan,nan,nan,nan,fwd016.0_y+5.0_0244_r016.7.png
16.0,+5.0,5.0300,-0.2710,15.8800,16.6598,17.60,0,,,,811.0,811.03,470.79,11.34,11.34,nan,nan,nan,nan,fwd016.0_y+5.0_0245_r016.7.png
16.0,+5.0,5.0300,-0.2710,15.8800,16.6598,17.60,0,,,,811.0,811.03,470.79,11.34,11.34,nan,nan,nan,nan,fwd016.0_y+5.0_0246_r016.7.png
16.0,+5.0,5.0300,-0.2710,15.8800,16.6598,17.60,0,,,,811.0,811.03,470.79,11.34,11.34,nan,nan,nan,nan,fwd016.0_y+5.0_0247_r016.7.png
16.0,+5.0,5.0300,-0.2710,15.8800,16.6598,17.60,0,,,,811.0,811.03,470.79,11.34,11.34,nan,nan,nan,nan,fwd016.0_y+5.0_0248_r016.7.png
16.0,+5.0,5.0300,-0.2710,15.8800,16.6598,17.60,0,,,,811.0,811.03,470.79,11.34,11.34,nan,nan,nan,nan,fwd016.0_y+5.0_0249_r016.7.png
16.0,+5.0,5.0300,-0.2710,15.8800,16.6598,17.60,0,,,,811.0,811.03,470.79,11.34,11.34,nan,nan,nan,nan,fwd016.0_y+5.0_0250_r016.7.png
16.0,+5.0,5.0300,-0.2710,15.8800,16.6598,17.60,0,,,,811.0,811.03,470.79,11.34,11.34,nan,nan,nan,nan,fwd016.0_y+5.0_0251_r016.7.png
