t,phase,detected,meas_x,meas_y,meas_z,meas_range,bearing_rad,cmd_vf,cmd_vr,cmd_vd,cmd_yawrate_deg_s,alt_m,gt_cam_x,gt_cam_y,gt_cam_z,gt_tag_x,gt_tag_y,gt_tag_z,gt_range,settled
4.225,TAKEOFF,1,0.0301,-0.2759,4.9660,4.9737,0.00607,,,,,0.0000,0.1200,0.0300,0.2290,5.0000,0.0000,0.5000,4.8876,0
4.428,TAKEOFF,1,0.0301,-0.2759,4.9660,4.9737,0.00607,,,,,0.0020,0.1200,0.0300,0.2290,5.0000,0.0000,0.5000,4.8876,0
4.629,TAKEOFF,1,0.0301,-0.2759,4.9660,4.9737,0.00607,,,,,0.0030,0.1200,0.0300,0.2290,5.0000,0.0000,0.5000,4.8876,0
4.830,TAKEOFF,1,0.0301,-0.2759,4.9660,4.9737,0.00607,,,,,0.0050,0.1200,0.0300,0.2290,5.0000,0.0000,0.5000,4.8876,0
5.031,TAKEOFF,1,0.0301,-0.2759,4.9660,4.9737,0.00607,,,,,0.0070,0.1200,0.0300,0.2290,5.0000,0.0000,0.5000,4.8876,0
5.233,TAKEOFF,1,0.0301,-0.2759,4.9660,4.9737,0.00607,,,,,0.0090,0.1200,0.0300,0.2290,5.0000,0.0000,0.5000,4.8876,0
5.434,TAKEOFF,1,0.0301,-0.2759,4.9660,4.9737,0.00607,,,,,0.0090,0.1200,0.0300,0.2290,5.0000,0.0000,0.5000,4.8876,0
5.635,TAKEOFF,1,0.0301,-0.2759,4.9660,4.9737,0.00607,,,,,0.0090,0.1200,0.0300,0.2290,5.0000,0.0000,0.5000,4.8876,0
5.835,TAKEOFF,1,0.0301,-0.2759,4.9660,4.9737,0.00607,,,,,0.0080,0.1200,0.0300,0.2290,5.0000,0.0000,0.5000,4.8876,0
6.037,TAKEOFF,1,0.0301,-0.2759,4.9660,4.9737,0.00607,,,,,0.0070,0.1200,0.0300,0.2290,5.0000,0.0000,0.5000,4.8876,0
6.237,TAKEOFF,1,0.0301,-0.2759,4.9660,4.9737,0.00607,,,,,0.0050,0.1200,0.0300,0.2290,5.0000,0.0000,0.5000,4.8876,0
6.438,TAKEOFF,1,0.0301,-0.2759,4.9660,4.9737,0.00607,,,,,0.0030,0.1200,0.0300,0.2290,5.0000,0.0000,0.5000,4.8876,0
6.640,TAKEOFF,1,0.0301,-0.2759,4.9660,4.9737,0.00607,,,,,0.0000,0.1200,0.0300,0.2290,5.0000,0.0000,0.5000,4.8876,0
6.842,TAKEOFF,1,0.0301,-0.2759,4.9660,4.9737,0.00607,,,,,-0.0020,0.1200,0.0300,0.2290,5.0000,0.0000,0.5000,4.8876,0
7.043,TAKEOFF,1,0.0301,-0.2759,4.9660,4.9737,0.00607,,,,,-0.0050,0.1200,0.0300,0.2290,5.0000,0.0000,0.5000,4.8876,0
7.243,TAKEOFF,1,0.0301,-0.2759,4.9660,4.9737,0.00607,,,,,-0.0080,0.1200,0.0300,0.2290,5.0000,0.0000,0.5000,4.8876,0
7.445,TAKEOFF,1,0.0301,-0.2759,4.9660,4.9737,0.00607,,,,,-0.0120,0.1200,0.0300,0.2290,5.0000,0.0000,0.5000,4.8876,0
7.646,TAKEOFF,1,0.0301,-0.2759,4.9660,4.9737,0.00607,,,,,-0.0150,0.1200,0.0300,0.2290,5.0000,0.0000,0.5000,4.8876,0
7.847,TAKEOFF,1,0.0301,-0.2759,4.9660,4.9737,0.00607,,,,,-0.0180,0.1200,0.0300,0.2290,5.0000,0.0000,0.5000,4.8876,0
8.049,TAKEOFF,1,0.0301,-0.2759,4.9660,4.9737,0.00607,,,,,-0.0210,0.1200,0.0300,0.2290,5.0000,0.0000,0.5000,4.8876,0
8.250,TAKEOFF,1,0.0301,-0.2759,4.9660,4.9737,0.00607,,,,,-0.0230,0.1200,0.0300,0.2290,5.0000,0.0000,0.5000,4.8876,0
8.451,TAKEOFF,1,0.0301,-0.2759,4.9660,4.9737,0.00607,,,,,-0.0250,0.1200,0.0300,0.2290,5.0000,0.0000,0.5000,4.8876,0
8.652,TAKEOFF,1,0.0301,-0.2759,4.9660,4.9737,0.00607,,,,,-0.0270,0.1200,0.0300,0.2290,5.0000,0.0000,0.5000,4.8876,0
8.853,TAKEOFF,1,0.0301,-0.2759,4.9660,4.9737,0.00607,,,,,-0.0280,0.1200,0.0300,0.2290,5.0000,0.0000,0.5000,4.8876,0
9.054,TAKEOFF,1,0.0301,-0.2759,4.9660,4.9737,0.00607,,,,,-0.0300,0.1200,0.0300,0.2290,5.0000,0.0000,0.5000,4.8876,0
9.255,TAKEOFF,1,0.0301,-0.2759,4.9660,4.9737,0.00607,,,,,-0.0300,0.1200,0.0300,0.2290,5.0000,0.0000,0.5000,4.8876,0
9.457,TAKEOFF,1,0.0301,-0.2759,4.9660,4.9737,0.00607,,,,,-0.0280,0.1200,0.0300,0.2290,5.0000,0.0000,0.5000,4.8876,0
9.660,TAKEOFF,1,0.0301,-0.2759,4.9660,4.9737,0.00607,,,,,-0.0260,0.1200,0.0300,0.2290,5.0000,0.0000,0.5000,4.8876,0
9.861,TAKEOFF,1,0.0301,-0.2759,4.9660,4.9737,0.00607,,,,,-0.0230,0.1200,0.0300,0.2290,5.0000,0.0000,0.5000,4.8876,0
10.063,TAKEOFF,1,0.0301,-0.2759,4.9660,4.9737,0.00607,,,,,-0.0210,0.1200,0.0300,0.2290,5.0000,0.0000,0.5000,4.8876,0
10.264,TAKEOFF,1,0.0290,-0.2857,4.9565,4.9648,0.00585,,,,,-0.0190,0.1210,0.0300,0.2290,5.0000,0.0000,0.5000,4.8866,0
10.464,TAKEOFF,1,0.0291,-0.3260,4.9648,4.9756,0.00587,,,,,-0.0170,0.1228,0.0300,0.2290,5.0000,0.0000,0.5000,4.8848,0
10.666,TAKEOFF,1,0.0297,-0.3576,4.9461,4.9591,0.00600,,,,,-0.0160,0.1268,0.0300,0.2304,5.0000,0.0000,0.5000,4.8808,0
10.867,TAKEOFF,1,0.0341,-0.3509,4.9603,4.9728,0.00688,,,,,-0.0100,0.1333,0.0302,0.2368,5.0000,0.0000,0.5000,4.8739,0
11.068,TAKEOFF,1,0.0341,-0.3010,4.9363,4.9456,0.00691,,,,,0.0040,0.1433,0.0309,0.2513,5.0000,0.0000,0.5000,4.8632,0
11.269,TAKEOFF,1,0.0356,-0.2500,4.9337,4.9401,0.00721,,,,,0.0230,0.1549,0.0321,0.2736,5.0000,0.0000,0.5000,4.8505,0
11.470,TAKEOFF,1,0.0371,-0.1875,4.9105,4.9142,0.00756,,,,,0.0500,0.1656,0.0336,0.3009,5.0000,0.0000,0.5000,4.8386,0
11.671,TAKEOFF,1,0.0371,-0.1403,4.9106,4.9127,0.00756,,,,,0.0810,0.1742,0.0352,0.3301,5.0000,0.0000,0.5000,4.8289,0
11.873,TAKEOFF,1,0.0392,-0.1001,4.8956,4.8968,0.00801,,,,,0.1230,0.1820,0.0369,0.3679,5.0000,0.0000,0.5000,4.8199,0
12.074,TAKEOFF,1,0.0419,-0.0497,4.8961,4.8965,0.00855,,,,,0.1640,0.1870,0.0384,0.4069,5.0000,0.0000,0.5000,4.8140,0
12.275,TAKEOFF,1,0.0435,-0.0160,4.8898,4.8900,0.00889,,,,,0.2040,0.1897,0.0398,0.4506,5.0000,0.0000,0.5000,4.8107,0
12.476,TAKEOFF,1,0.0441,0.0158,4.9007,4.9009,0.00900,,,,,0.2460,0.1901,0.0408,0.4902,5.0000,0.0000,0.5000,4.8101,0
12.677,TAKEOFF,1,0.0453,0.0552,4.8976,4.8982,0.00925,,,,,0.2830,0.1890,0.0416,0.5302,5.0000,0.0000,0.5000,4.8112,0
12.877,TAKEOFF,1,0.0445,0.0767,4.8932,4.8940,0.00909,,,,,0.3090,0.1866,0.0421,0.5561,5.0000,0.0000,0.5000,4.8139,0
13.080,TAKEOFF,1,0.0451,0.0842,4.8972,4.8982,0.00922,,,,,0.3120,0.1832,0.0422,0.5651,5.0000,0.0000,0.5000,4.8175,0
13.282,TAKEOFF,1,0.0454,0.0832,4.9036,4.9045,0.00926,,,,,0.3120,0.1795,0.0420,0.5717,5.0000,0.0000,0.5000,4.8213,0
13.484,TAKEOFF,1,0.0447,0.0904,4.8990,4.9001,0.00913,,,,,0.3200,0.1747,0.0417,0.5879,5.0000,0.0000,0.5000,4.8263,0
13.686,TAKEOFF,1,0.0449,0.1124,4.9174,4.9188,0.00912,,,,,0.3460,0.1700,0.0418,0.6137,5.0000,0.0000,0.5000,4.8316,0
13.887,TAKEOFF,1,0.0455,0.1408,4.9256,4.9279,0.00923,,,,,0.3760,0.1648,0.0422,0.6472,5.0000,0.0000,0.5000,4.8376,0
14.088,TAKEOFF,1,0.0450,0.1723,4.9121,4.9154,0.00917,,,,,0.4100,0.1598,0.0429,0.6814,5.0000,0.0000,0.5000,4.8438,0
14.289,TAKEOFF,1,0.0470,0.2119,4.9307,4.9354,0.00954,,,,,0.4430,0.1551,0.0436,0.7128,5.0000,0.0000,0.5000,4.8498,0
14.490,TAKEOFF,1,0.0460,0.2421,4.9348,4.9410,0.00932,,,,,0.4810,0.1495,0.0443,0.7481,5.0000,0.0000,0.5000,4.8570,0
14.691,TAKEOFF,1,0.0489,0.2705,4.9508,4.9584,0.00988,,,,,0.5080,0.1443,0.0448,0.7804,5.0000,0.0000,0.5000,4.8640,0
14.892,TAKEOFF,1,0.0467,0.3008,4.9361,4.9455,0.00945,,,,,0.5420,0.1396,0.0453,0.8086,5.0000,0.0000,0.5000,4.8704,0
15.096,TAKEOFF,1,0.0498,0.3258,4.9450,4.9560,0.01008,,,,,0.5690,0.1345,0.0459,0.8397,5.0000,0.0000,0.5000,4.8775,0
15.297,TAKEOFF,1,0.0473,0.3545,4.9571,4.9699,0.00954,,,,,0.5940,0.1301,0.0471,0.8686,5.0000,0.0000,0.5000,4.8841,0
15.499,TAKEOFF,1,0.0516,0.3805,4.9607,4.9755,0.01040,,,,,0.6230,0.1262,0.0488,0.8972,5.0000,0.0000,0.5000,4.8902,0
15.700,TAKEOFF,1,0.0516,0.4057,4.9578,4.9746,0.01041,,,,,0.6480,0.1233,0.0507,0.9201,5.0000,0.0000,0.5000,4.8950,0
15.901,TAKEOFF,1,0.0563,0.4365,4.9528,4.9723,0.01136,,,,,0.6690,0.1205,0.0532,0.9454,5.0000,0.0000,0.5000,4.9001,0
16.103,TAKEOFF,1,0.0580,0.4630,4.9802,5.0020,0.01165,,,,,0.6910,0.1180,0.0560,0.9698,5.0000,0.0000,0.5000,4.9049,0
16.303,TAKEOFF,1,0.0602,0.4842,4.9827,5.0065,0.01209,,,,,0.7090,0.1160,0.0584,0.9900,5.0000,0.0000,0.5000,4.9089,0
16.504,TAKEOFF,1,0.0639,0.5081,4.9716,4.9979,0.01285,,,,,0.7270,0.1141,0.0610,1.0109,5.0000,0.0000,0.5000,4.9129,0
16.706,TAKEOFF,1,0.0672,0.5237,4.9775,5.0055,0.01351,,,,,0.7450,0.1124,0.0635,1.0319,5.0000,0.0000,0.5000,4.9169,0
16.906,TAKEOFF,1,0.0692,0.5398,4.9879,5.0175,0.01386,,,,,0.7600,0.1113,0.0653,1.0494,5.0000,0.0000,0.5000,4.9199,0
17.109,TAKEOFF,1,0.0715,0.5588,4.9851,5.0169,0.01435,,,,,0.7790,0.1106,0.0668,1.0676,5.0000,0.0000,0.5000,4.9226,0
17.312,TAKEOFF,1,0.0725,0.5744,4.9777,5.0112,0.01456,,,,,0.7950,0.1105,0.0675,1.0855,5.0000,0.0000,0.5000,4.9248,0
17.513,TAKEOFF,1,0.0727,0.5955,4.9750,5.0110,0.01461,,,,,0.8120,0.1110,0.0675,1.1014,5.0000,0.0000,0.5000,4.9263,0
17.528,GUIDE,1,0.0727,0.5955,4.9750,5.0110,0.01461,1.0000,0.0000,-0.1860,1.2558,0.8140,0.1111,0.0675,1.1034,5.0000,0.0000,0.5000,4.9265,0
17.579,GUIDE,1,0.0723,0.6018,4.9790,5.0158,0.01452,1.0000,0.0000,-0.1810,1.2480,0.8190,0.1113,0.0674,1.1066,5.0000,0.0000,0.5000,4.9267,0
17.630,GUIDE,1,0.0721,0.6032,4.9686,5.0056,0.01450,1.0000,0.0000,-0.1770,1.2463,0.8230,0.1114,0.0673,1.1097,5.0000,0.0000,0.5000,4.9269,0
17.683,GUIDE,1,0.0709,0.6102,4.9784,5.0161,0.01424,1.0000,0.0000,-0.1720,1.2242,0.8280,0.1116,0.0672,1.1120,5.0000,0.0000,0.5000,4.9270,0
17.734,GUIDE,1,0.0710,0.6056,4.9853,5.0225,0.01424,1.0000,0.0000,-0.1690,1.2241,0.8310,0.1120,0.0670,1.1139,5.0000,0.0000,0.5000,4.9269,0
17.785,GUIDE,1,0.0706,0.5281,4.9881,5.0164,0.01415,1.0000,0.0000,-0.1630,1.2161,0.8370,0.1129,0.0668,1.1168,5.0000,0.0000,0.5000,4.9263,0
17.836,GUIDE,1,0.0698,0.3291,5.0024,5.0137,0.01395,1.0000,0.0000,-0.1560,1.1991,0.8440,0.1143,0.0666,1.1195,5.0000,0.0000,0.5000,4.9253,0
17.887,GUIDE,1,0.0698,0.2410,5.0218,5.0281,0.01390,1.0000,0.0000,-0.1500,1.1949,0.8500,0.1168,0.0664,1.1230,5.0000,0.0000,0.5000,4.9232,0
17.938,GUIDE,1,0.0698,0.2410,5.0218,5.0281,0.01390,1.0000,0.0000,-0.1470,1.1949,0.8530,0.1187,0.0663,1.1252,5.0000,0.0000,0.5000,4.9216,0
17.989,GUIDE,1,0.0693,0.1587,5.0213,5.0243,0.01381,1.0000,0.0000,-0.1430,1.1867,0.8570,0.1226,0.0661,1.1288,5.0000,0.0000,0.5000,4.9182,0
18.042,GUIDE,1,0.0680,0.1022,5.0254,5.0269,0.01354,1.0000,0.0000,-0.1370,1.1633,0.8630,0.1277,0.0659,1.1327,5.0000,0.0000,0.5000,4.9136,0
18.092,GUIDE,1,0.0651,0.0601,4.9964,4.9972,0.01302,1.0000,0.0000,-0.1340,1.1190,0.8660,0.1340,0.0657,1.1367,5.0000,0.0000,0.5000,4.9079,0
18.143,GUIDE,1,0.0631,0.0331,4.9729,4.9735,0.01268,1.0000,0.0000,-0.1280,1.0897,0.8720,0.1426,0.0654,1.1412,5.0000,0.0000,0.5000,4.9000,0
18.193,GUIDE,1,0.0609,0.0164,4.9853,4.9857,0.01222,1.0000,0.0000,-0.1250,1.0500,0.8750,0.1458,0.0653,1.1427,5.0000,0.0000,0.5000,4.8970,0
18.244,GUIDE,1,0.0585,0.0134,4.9977,4.9981,0.01171,1.0000,0.0000,-0.1200,1.0061,0.8800,0.1552,0.0651,1.1467,5.0000,0.0000,0.5000,4.8882,0
18.295,GUIDE,1,0.0561,0.0170,4.9719,4.9723,0.01129,1.0000,0.0000,-0.1180,0.9700,0.8820,0.1659,0.0649,1.1506,5.0000,0.0000,0.5000,4.8781,0
18.346,GUIDE,1,0.0561,0.0170,4.9719,4.9723,0.01129,1.0000,0.0000,-0.1130,0.9700,0.8870,0.1794,0.0647,1.1549,5.0000,0.0000,0.5000,4.8653,0
18.397,GUIDE,1,0.0524,0.0291,4.9654,4.9657,0.01056,1.0000,0.0000,-0.1100,0.9076,0.8900,0.1876,0.0645,1.1573,5.0000,0.0000,0.5000,4.8575,0
18.447,GUIDE,1,0.0496,0.0473,4.9606,4.9611,0.01000,1.0000,0.0000,-0.1060,0.8591,0.8940,0.2016,0.0643,1.1609,5.0000,0.0000,0.5000,4.8441,0
18.498,GUIDE,1,0.0464,0.0682,4.9344,4.9351,0.00941,1.0000,0.0000,-0.1050,0.8085,0.8950,0.2167,0.0641,1.1644,5.0000,0.0000,0.5000,4.8296,0
18.549,GUIDE,1,0.0448,0.0911,4.9049,4.9060,0.00914,1.0000,0.0000,-0.1010,0.7853,0.8990,0.2330,0.0639,1.1677,5.0000,0.0000,0.5000,4.8140,0
18.600,GUIDE,1,0.0406,0.1170,4.9051,4.9067,0.00827,1.0000,0.0000,-0.0980,0.7111,0.9020,0.2524,0.0637,1.1713,5.0000,0.0000,0.5000,4.7952,0
18.650,GUIDE,1,0.0378,0.1479,4.8758,4.8782,0.00776,1.0000,0.0000,-0.0960,0.6668,0.9040,0.2708,0.0635,1.1743,5.0000,0.0000,0.5000,4.7774,0
18.701,GUIDE,1,0.0363,0.1764,4.8925,4.8959,0.00743,1.0000,0.0000,-0.0930,0.6382,0.9070,0.2901,0.0632,1.1772,5.0000,0.0000,0.5000,4.7588,0
18.752,GUIDE,1,0.0313,0.2051,4.8529,4.8573,0.00645,1.0000,0.0000,-0.0920,0.5546,0.9080,0.3103,0.0630,1.1800,5.0000,0.0000,0.5000,4.7392,0
18.803,GUIDE,1,0.0295,0.2335,4.8376,4.8433,0.00610,1.0000,0.0000,-0.0890,0.5240,0.9110,0.3340,0.0628,1.1830,5.0000,0.0000,0.5000,4.7162,0
18.854,GUIDE,1,0.0258,0.2662,4.8001,4.8076,0.00537,1.0000,0.0000,-0.0880,0.4615,0.9120,0.3421,0.0627,1.1840,5.0000,0.0000,0.5000,4.7083,0
18.904,GUIDE,1,0.0244,0.2945,4.7940,4.8031,0.00508,1.0000,0.0000,-0.0870,0.4367,0.9150,0.3642,0.0625,1.1865,5.0000,0.0000,0.5000,4.6868,0
18.955,GUIDE,1,0.0202,0.3215,4.7714,4.7823,0.00424,1.0000,0.0000,-0.0850,0.3642,0.9150,0.3871,0.0623,1.1889,5.0000,0.0000,0.5000,4.6645,0
19.006,GUIDE,1,0.0202,0.3215,4.7714,4.7823,0.00424,1.0000,0.0000,-0.0830,0.3642,0.9170,0.4135,0.0620,1.1914,5.0000,0.0000,0.5000,4.6387,0
19.057,GUIDE,1,0.0178,0.3465,4.7432,4.7559,0.00375,1.0000,0.0000,-0.0820,0.3226,0.9180,0.4377,0.0618,1.1936,5.0000,0.0000,0.5000,4.6152,0
19.107,GUIDE,1,0.0168,0.3746,4.7068,4.7217,0.00357,1.0000,0.0000,-0.0810,0.3066,0.9190,0.4531,0.0616,1.1950,5.0000,0.0000,0.5000,4.6001,0
19.158,GUIDE,1,0.0141,0.3982,4.6834,4.7003,0.00300,1.0000,0.0000,-0.0790,0.2579,0.9210,0.4781,0.0614,1.1970,5.0000,0.0000,0.5000,4.5757,0
19.209,GUIDE,1,0.0124,0.4191,4.6558,4.6747,0.00265,1.0000,0.0000,-0.0780,0.2281,0.9220,0.5166,0.0610,1.2000,5.0000,0.0000,0.5000,4.5381,0
19.260,GUIDE,1,0.0083,0.4624,4.5884,4.6116,0.00182,1.0000,0.0000,-0.0760,0.1560,0.9240,0.5429,0.0607,1.2019,5.0000,0.0000,0.5000,4.5125,0
19.311,GUIDE,1,0.0076,0.4811,4.5704,4.5957,0.00166,1.0000,0.0000,-0.0750,0.1426,0.9250,0.5695,0.0604,1.2037,5.0000,0.0000,0.5000,4.4865,0
19.362,GUIDE,1,0.0076,0.4986,4.5539,4.5811,0.00166,1.0000,0.0000,-0.0730,0.1430,0.9270,0.6135,0.0599,1.2066,5.0000,0.0000,0.5000,4.4434,0
19.413,GUIDE,1,0.0053,0.5134,4.5002,4.5294,0.00117,1.0000,0.0000,-0.0720,0.1004,0.9280,0.6445,0.0595,1.2085,5.0000,0.0000,0.5000,4.4131,0
19.465,GUIDE,1,0.0049,0.5324,4.4886,4.5200,0.00109,1.0000,0.0000,-0.0710,0.0937,0.9290,0.6724,0.0591,1.2101,5.0000,0.0000,0.5000,4.3859,0
19.517,GUIDE,1,0.0031,0.5457,4.4561,4.4894,0.00070,1.0000,0.0000,-0.0700,0.0602,0.9300,0.7005,0.0587,1.2117,5.0000,0.0000,0.5000,4.3584,0
19.567,GUIDE,1,0.0028,0.5569,4.4202,4.4552,0.00063,1.0000,0.0000,-0.0680,0.0540,0.9320,0.7289,0.0582,1.2133,5.0000,0.0000,0.5000,4.3306,0
19.619,GUIDE,1,0.0019,0.5697,4.4018,4.4385,0.00044,1.0000,0.0000,-0.0670,0.0378,0.9330,0.7611,0.0576,1.2150,5.0000,0.0000,0.5000,4.2991,0
19.668,GUIDE,1,0.0017,0.5889,4.3102,4.3503,0.00038,1.0000,0.0000,-0.0650,0.0330,0.9350,0.8009,0.0568,1.2170,5.0000,0.0000,0.5000,4.2603,0
19.719,GUIDE,1,0.0012,0.6007,4.2966,4.3383,0.00027,1.0000,0.0000,-0.0650,0.0233,0.9350,0.8300,0.0562,1.2185,5.0000,0.0000,0.5000,4.2318,0
19.770,GUIDE,1,0.0001,0.6089,4.2625,4.3058,0.00002,1.0000,0.0000,-0.0630,0.0016,0.9370,0.8629,0.0555,1.2200,5.0000,0.0000,0.5000,4.1996,0
19.822,GUIDE,1,-0.0005,0.6178,4.2296,4.2745,-0.00012,1.0000,0.0000,-0.0610,-0.0106,0.9390,0.9109,0.0542,1.2222,5.0000,0.0000,0.5000,4.1528,0
19.873,GUIDE,1,-0.0026,0.6268,4.2067,4.2532,-0.00061,1.0000,0.0000,-0.0600,-0.0525,0.9400,0.9406,0.0534,1.2236,5.0000,0.0000,0.5000,4.1238,0
19.925,GUIDE,1,-0.0028,0.6323,4.1706,4.2183,-0.00068,1.0000,0.0000,-0.0580,-0.0581,0.9420,0.9704,0.0525,1.2248,5.0000,0.0000,0.5000,4.0946,0
19.975,GUIDE,1,-0.0031,0.6362,4.1238,4.1726,-0.00075,1.0000,0.0000,-0.0550,-0.0645,0.9450,1.0040,0.0515,1.2262,5.0000,0.0000,0.5000,4.0617,0
20.028,GUIDE,1,-0.0038,0.6453,4.1017,4.1521,-0.00093,1.0000,0.0000,-0.0540,-0.0795,0.9460,1.0341,0.0505,1.2274,5.0000,0.0000,0.5000,4.0324,0
20.078,GUIDE,1,-0.0041,0.6490,4.0627,4.1142,-0.00101,1.0000,0.0000,-0.0520,-0.0869,0.9480,1.0642,0.0494,1.2285,5.0000,0.0000,0.5000,4.0030,0
20.129,GUIDE,1,-0.0056,0.6536,4.0323,4.0849,-0.00138,1.0000,0.0000,-0.0500,-0.1190,0.9500,1.1096,0.0477,1.2301,5.0000,0.0000,0.5000,3.9587,0
20.180,GUIDE,1,-0.0065,0.6592,4.0148,4.0686,-0.00161,1.0000,0.0000,-0.0470,-0.1386,0.9530,1.1399,0.0465,1.2311,5.0000,0.0000,0.5000,3.9290,0
20.231,GUIDE,1,-0.0086,0.6661,3.9412,3.9971,-0.00219,0.9985,0.0000,-0.0450,-0.1885,0.9550,1.1703,0.0452,1.2321,5.0000,0.0000,0.5000,3.8993,0
20.281,GUIDE,1,-0.0096,0.6710,3.9270,3.9839,-0.00244,0.9919,0.0000,-0.0440,-0.2099,0.9570,1.2008,0.0439,1.2330,5.0000,0.0000,0.5000,3.8695,0
20.332,GUIDE,1,-0.0098,0.6703,3.8657,3.9234,-0.00254,0.9617,0.0000,-0.0410,-0.2187,0.9590,1.2543,0.0414,1.2344,5.0000,0.0000,0.5000,3.8172,0
20.383,GUIDE,1,-0.0117,0.6746,3.8423,3.9011,-0.00304,0.9506,0.0000,-0.0410,-0.2616,0.9590,1.2850,0.0399,1.2351,5.0000,0.0000,0.5000,3.7873,0
20.435,GUIDE,1,-0.0124,0.6768,3.8003,3.8601,-0.00327,0.9301,0.0000,-0.0390,-0.2809,0.9610,1.3157,0.0384,1.2359,5.0000,0.0000,0.5000,3.7572,0
20.487,GUIDE,1,-0.0135,0.6811,3.7885,3.8492,-0.00355,0.9246,0.0000,-0.0380,-0.3053,0.9620,1.3465,0.0368,1.2366,5.0000,0.0000,0.5000,3.7272,0
20.538,GUIDE,1,-0.0158,0.6842,3.7383,3.8004,-0.00423,0.9002,0.0000,-0.0360,-0.3634,0.9640,1.3812,0.0349,1.2374,5.0000,0.0000,0.5000,3.6934,0
20.588,GUIDE,1,-0.0161,0.6908,3.7139,3.7776,-0.00435,0.8888,0.0000,-0.0360,-0.3737,0.9640,1.4236,0.0326,1.2383,5.0000,0.0000,0.5000,3.6520,0
20.639,GUIDE,1,-0.0184,0.7033,3.6401,3.7075,-0.00505,0.8537,0.0000,-0.0350,-0.4338,0.9650,1.4544,0.0308,1.2390,5.0000,0.0000,0.5000,3.6219,0
20.690,GUIDE,1,-0.0198,0.7088,3.5921,3.6614,-0.00550,0.8307,0.0000,-0.0340,-0.4727,0.9660,1.4891,0.0288,1.2397,5.0000,0.0000,0.5000,3.5881,0
20.740,GUIDE,1,-0.0198,0.7197,3.5719,3.6437,-0.00554,0.8218,0.0000,-0.0330,-0.4762,0.9670,1.5199,0.0269,1.2403,5.0000,0.0000,0.5000,3.5581,0
20.792,GUIDE,1,-0.0214,0.7271,3.5329,3.6070,-0.00605,0.8035,0.0000,-0.0320,-0.5195,0.9680,1.5506,0.0250,1.2409,5.0000,0.0000,0.5000,3.5281,0
20.842,GUIDE,1,-0.0223,0.7383,3.5123,3.5891,-0.00636,0.7945,0.0000,-0.0310,-0.5465,0.9690,1.5813,0.0231,1.2415,5.0000,0.0000,0.5000,3.4983,0
20.894,GUIDE,1,-0.0244,0.7455,3.4716,3.5508,-0.00701,0.7754,0.0000,-0.0310,-0.6028,0.9690,1.6157,0.0209,1.2422,5.0000,0.0000,0.5000,3.4648,0
20.945,GUIDE,1,-0.0245,0.7564,3.4352,3.5176,-0.00712,0.7588,0.0000,-0.0300,-0.6118,0.9700,1.6460,0.0189,1.2427,5.0000,0.0000,0.5000,3.4352,0
20.996,GUIDE,1,-0.0253,0.7620,3.3953,3.4798,-0.00744,0.7399,0.0000,-0.0290,-0.6392,0.9710,1.6951,0.0155,1.2434,5.0000,0.0000,0.5000,3.3875,0
21.047,GUIDE,1,-0.0276,0.7679,3.3548,3.4417,-0.00822,0.7208,0.0000,-0.0290,-0.7064,0.9710,1.7251,0.0134,1.2439,5.0000,0.0000,0.5000,3.3584,0
21.099,GUIDE,1,-0.0283,0.7773,3.3337,3.4232,-0.00848,0.7116,0.0000,-0.0280,-0.7286,0.9720,1.7585,0.0109,1.2443,5.0000,0.0000,0.5000,3.3259,0
21.149,GUIDE,1,-0.0295,0.7832,3.2924,3.3844,-0.00897,0.6922,0.0000,-0.0280,-0.7705,0.9720,1.7880,0.0087,1.2447,5.0000,0.0000,0.5000,3.2972,0
21.201,GUIDE,1,-0.0292,0.7900,3.2652,3.3595,-0.00896,0.6798,0.0000,-0.0270,-0.7696,0.9730,1.8173,0.0065,1.2450,5.0000,0.0000,0.5000,3.2688,0
21.255,GUIDE,1,-0.0305,0.7950,3.2291,3.3257,-0.00944,0.6628,0.0000,-0.0270,-0.8109,0.9730,1.8463,0.0042,1.2454,5.0000,0.0000,0.5000,3.2406,0
21.303,GUIDE,1,-0.0316,0.7991,3.1914,3.2901,-0.00989,0.6451,0.0000,-0.0260,-0.8500,0.9740,1.8786,0.0016,1.2457,5.0000,0.0000,0.5000,3.2093,0
21.354,GUIDE,1,-0.0322,0.8069,3.1665,3.2678,-0.01017,0.6339,0.0000,-0.0250,-0.8741,0.9750,1.9070,-0.0007,1.2460,5.0000,0.0000,0.5000,3.1817,0
21.404,GUIDE,1,-0.0344,0.8109,3.1383,3.2416,-0.01096,0.6208,0.0000,-0.0250,-0.9417,0.9750,1.9351,-0.0031,1.2463,5.0000,0.0000,0.5000,3.1545,0
21.455,GUIDE,1,-0.0348,0.8134,3.1028,3.2079,-0.01120,0.6039,0.0000,-0.0240,-0.9629,0.9760,1.9629,-0.0056,1.2465,5.0000,0.0000,0.5000,3.1275,0
21.506,GUIDE,1,-0.0361,0.8170,3.0748,3.1817,-0.01174,0.5908,0.0000,-0.0230,-1.0088,0.9770,1.9938,-0.0083,1.2467,5.0000,0.0000,0.5000,3.0976,0
21.558,GUIDE,1,-0.0366,0.8193,3.0366,3.1454,-0.01206,0.5727,0.0000,-0.0230,-1.0366,0.9770,2.0209,-0.0108,1.2469,5.0000,0.0000,0.5000,3.0714,0
21.609,GUIDE,1,-0.0388,0.8220,3.0048,3.1154,-0.01291,0.5577,0.0000,-0.0220,-1.1092,0.9780,2.0576,-0.0143,1.2472,5.0000,0.0000,0.5000,3.0358,0
21.660,GUIDE,1,-0.0394,0.8255,2.9845,3.0969,-0.01318,0.5484,0.0000,-0.0220,-1.1331,0.9780,2.0871,-0.0172,1.2473,5.0000,0.0000,0.5000,3.0073,0
21.711,GUIDE,1,-0.0417,0.8287,2.9192,3.0348,-0.01428,0.5174,0.0000,-0.0210,-1.2275,0.9790,2.1130,-0.0198,1.2475,5.0000,0.0000,0.5000,2.9823,0
21.762,GUIDE,1,-0.0423,0.8305,2.8899,3.0071,-0.01465,0.5036,0.0000,-0.0200,-1.2591,0.9800,2.1385,-0.0224,1.2475,5.0000,0.0000,0.5000,2.9576,0
21.813,GUIDE,1,-0.0431,0.8332,2.8676,2.9865,-0.01503,0.4932,0.0000,-0.0200,-1.2919,0.9800,2.1636,-0.0251,1.2476,5.0000,0.0000,0.5000,2.9334,0
21.864,GUIDE,1,-0.0439,0.8318,2.8323,2.9522,-0.01550,0.4761,0.0000,-0.0190,-1.3321,0.9810,2.1914,-0.0281,1.2477,5.0000,0.0000,0.5000,2.9065,0
21.915,GUIDE,1,-0.0466,0.8348,2.8086,2.9304,-0.01660,0.4652,0.0000,-0.0190,-1.4269,0.9810,2.2157,-0.0308,1.2478,5.0000,0.0000,0.5000,2.8831,0
21.966,GUIDE,1,-0.0469,0.8383,2.7910,2.9145,-0.01680,0.4573,0.0000,-0.0180,-1.4437,0.9820,2.2544,-0.0352,1.2478,5.0000,0.0000,0.5000,2.8458,0
22.017,GUIDE,1,-0.0475,0.8372,2.7605,2.8850,-0.01720,0.4425,0.0000,-0.0180,-1.4778,0.9820,2.2777,-0.0380,1.2478,5.0000,0.0000,0.5000,2.8234,0
22.067,GUIDE,1,-0.0493,0.8376,2.7364,2.8621,-0.01803,0.4311,0.0000,-0.0170,-1.5496,0.9830,2.3034,-0.0411,1.2478,5.0000,0.0000,0.5000,2.7987,0
22.118,GUIDE,1,-0.0504,0.8360,2.7033,2.8301,-0.01864,0.4150,0.0000,-0.0170,-1.6020,0.9830,2.3258,-0.0439,1.2478,5.0000,0.0000,0.5000,2.7771,0
22.169,GUIDE,1,-0.0509,0.8374,2.6852,2.8132,-0.01894,0.4066,0.0000,-0.0160,-1.6275,0.9840,2.3479,-0.0468,1.2477,5.0000,0.0000,0.5000,2.7559,0
22.220,GUIDE,1,-0.0515,0.8358,2.6568,2.7856,-0.01938,0.3928,0.0000,-0.0160,-1.6653,0.9840,2.3695,-0.0496,1.2476,5.0000,0.0000,0.5000,2.7351,0
22.271,GUIDE,1,-0.0538,0.8362,2.6375,2.7674,-0.02039,0.3837,0.0000,-0.0150,-1.7526,0.9850,2.3933,-0.0528,1.2475,5.0000,0.0000,0.5000,2.7123,0
22.323,GUIDE,1,-0.0550,0.8352,2.6110,2.7419,-0.02105,0.3709,0.0000,-0.0140,-1.8090,0.9860,2.4141,-0.0557,1.2474,5.0000,0.0000,0.5000,2.6923,0
22.372,GUIDE,1,-0.0552,0.8367,2.5957,2.7277,-0.02125,0.3639,0.0000,-0.0140,-1.8263,0.9860,2.4345,-0.0586,1.2472,5.0000,0.0000,0.5000,2.6728,0
22.424,GUIDE,1,-0.0565,0.8356,2.5740,2.7068,-0.02195,0.3534,0.0000,-0.0140,-1.8869,0.9860,2.4544,-0.0615,1.2471,5.0000,0.0000,0.5000,2.6537,0
22.475,GUIDE,1,-0.0578,0.8326,2.5488,2.6819,-0.02266,0.3410,0.0000,-0.0130,-1.9472,0.9870,2.4764,-0.0648,1.2469,5.0000,0.0000,0.5000,2.6326,0
22.526,GUIDE,1,-0.0589,0.8324,2.5291,2.6632,-0.02328,0.3316,0.0000,-0.0130,-2.0009,0.9870,2.4955,-0.0677,1.2467,5.0000,0.0000,0.5000,2.6143,0
22.575,GUIDE,1,-0.0594,0.8317,2.5122,2.6470,-0.02366,0.3235,0.0000,-0.0130,-2.0333,0.9870,2.5143,-0.0706,1.2465,5.0000,0.0000,0.5000,2.5963,0
22.627,GUIDE,1,-0.0604,0.8304,2.4905,2.6260,-0.02427,0.3130,0.0000,-0.0130,-2.0856,0.9870,2.5326,-0.0735,1.2463,5.0000,0.0000,0.5000,2.5788,0
22.679,GUIDE,1,-0.0619,0.8272,2.4700,2.6056,-0.02507,0.3028,0.0000,-0.0130,-2.1546,0.9870,2.5528,-0.0768,1.2460,5.0000,0.0000,0.5000,2.5595,0
22.731,GUIDE,1,-0.0622,0.8267,2.4508,2.5872,-0.02538,0.2936,0.0000,-0.0120,-2.1808,0.9880,2.5769,-0.0808,1.2457,5.0000,0.0000,0.5000,2.5366,0
22.781,GUIDE,1,-0.0635,0.8269,2.4386,2.5757,-0.02604,0.2879,0.0000,-0.0120,-2.2381,0.9880,2.5939,-0.0837,1.2454,5.0000,0.0000,0.5000,2.5203,0
22.832,GUIDE,1,-0.0645,0.8226,2.4001,2.5380,-0.02688,0.2690,0.0000,-0.0110,-2.3100,0.9890,2.6126,-0.0870,1.2452,5.0000,0.0000,0.5000,2.5025,0
22.883,GUIDE,1,-0.0655,0.8220,2.3864,2.5249,-0.02742,0.2624,0.0000,-0.0110,-2.3568,0.9890,2.6289,-0.0899,1.2449,5.0000,0.0000,0.5000,2.4870,0
22.934,GUIDE,1,-0.0663,0.8191,2.3657,2.5044,-0.02803,0.2522,0.0000,-0.0110,-2.4092,0.9890,2.6448,-0.0928,1.2446,5.0000,0.0000,0.5000,2.4719,0
22.984,GUIDE,1,-0.0668,0.8176,2.3514,2.4904,-0.02840,0.2452,0.0000,-0.0100,-2.4408,0.9900,2.6603,-0.0956,1.2444,5.0000,0.0000,0.5000,2.4571,0
23.035,GUIDE,1,-0.0669,0.8158,2.3335,2.4729,-0.02865,0.2365,0.0000,-0.0100,-2.4621,0.9900,2.6774,-0.0989,1.2441,5.0000,0.0000,0.5000,2.4409,0
23.086,GUIDE,1,-0.0682,0.8135,2.3164,2.4561,-0.02945,0.2280,0.0000,-0.0100,-2.5312,0.9900,2.7013,-0.1035,1.2436,5.0000,0.0000,0.5000,2.4182,0
23.137,GUIDE,1,-0.0685,0.8132,2.3042,2.4445,-0.02973,0.2222,0.0000,-0.0100,-2.5551,0.9900,2.7156,-0.1063,1.2433,5.0000,0.0000,0.5000,2.4047,0
23.188,GUIDE,1,-0.0691,0.8108,2.2895,2.4298,-0.03018,0.2149,0.0000,-0.0100,-2.5934,0.9900,2.7295,-0.1092,1.2430,5.0000,0.0000,0.5000,2.3915,0
23.239,GUIDE,1,-0.0683,0.8094,2.2754,2.4160,-0.02999,0.2080,0.0000,-0.0090,-2.5774,0.9910,2.7448,-0.1123,1.2427,5.0000,0.0000,0.5000,2.3770,0
23.290,GUIDE,1,-0.0696,0.8070,2.2603,2.4011,-0.03080,0.2005,0.0000,-0.0090,-2.6468,0.9910,2.7581,-0.1151,1.2424,5.0000,0.0000,0.5000,2.3644,0
23.340,GUIDE,1,-0.0698,0.8055,2.2479,2.3889,-0.03103,0.1944,0.0000,-0.0090,-2.6669,0.9910,2.7710,-0.1179,1.2421,5.0000,0.0000,0.5000,2.3522,0
23.394,GUIDE,1,-0.0704,0.8041,2.2353,2.3766,-0.03149,0.1883,0.0000,-0.0090,-2.7066,0.9910,2.7837,-0.1207,1.2418,5.0000,0.0000,0.5000,2.3402,0
23.443,GUIDE,1,-0.0703,0.8035,2.2260,2.3677,-0.03156,0.1838,0.0000,-0.0090,-2.7127,0.9910,2.7976,-0.1238,1.2414,5.0000,0.0000,0.5000,2.3271,0
23.494,GUIDE,1,-0.0699,0.7990,2.2038,2.3452,-0.03169,0.1726,0.0000,-0.0080,-2.7235,0.9920,2.8096,-0.1265,1.2411,5.0000,0.0000,0.5000,2.3158,0
23.545,GUIDE,1,-0.0701,0.7989,2.1959,2.3378,-0.03191,0.1689,0.0000,-0.0080,-2.7425,0.9920,2.8214,-0.1292,1.2408,5.0000,0.0000,0.5000,2.3048,0
23.596,GUIDE,1,-0.0705,0.7969,2.1850,2.3269,-0.03226,0.1635,0.0000,-0.0080,-2.7730,0.9920,2.8328,-0.1319,1.2405,5.0000,0.0000,0.5000,2.2940,0
23.647,GUIDE,1,-0.0708,0.7962,2.1750,2.3172,-0.03253,0.1586,0.0000,-0.0080,-2.7954,0.9920,2.8495,-0.1359,1.2400,5.0000,0.0000,0.5000,2.2783,0
23.698,GUIDE,1,-0.0703,0.7948,2.1640,2.3064,-0.03247,0.1532,0.0000,-0.0080,-2.7908,0.9920,2.8603,-0.1386,1.2397,5.0000,0.0000,0.5000,2.2682,0
23.749,GUIDE,1,-0.0702,0.7920,2.1477,2.2902,-0.03269,0.1451,0.0000,-0.0080,-2.8097,0.9920,2.8708,-0.1412,1.2393,5.0000,0.0000,0.5000,2.2583,0
23.799,GUIDE,1,-0.0707,0.7909,2.1318,2.2748,-0.03314,0.1374,0.0000,-0.0080,-2.8479,0.9920,2.8823,-0.1442,1.2390,5.0000,0.0000,0.5000,2.2475,0
23.850,GUIDE,1,-0.0703,0.7889,2.1189,2.2621,-0.03316,0.1310,0.0000,-0.0080,-2.8501,0.9920,2.8923,-0.1468,1.2387,5.0000,0.0000,0.5000,2.2382,0
23.901,GUIDE,1,-0.0701,0.7884,2.1131,2.2565,-0.03315,0.1282,0.0000,-0.0080,-2.8489,0.9920,2.9020,-0.1493,1.2383,5.0000,0.0000,0.5000,2.2291,0
23.952,GUIDE,1,-0.0702,0.7873,2.1040,2.2475,-0.03336,0.1238,0.0000,-0.0080,-2.8670,0.9920,2.9115,-0.1519,1.2380,5.0000,0.0000,0.5000,2.2203,0
24.002,GUIDE,1,-0.0702,0.7854,2.0916,2.2353,-0.03355,0.1177,0.0000,-0.0080,-2.8835,0.9920,2.9219,-0.1548,1.2377,5.0000,0.0000,0.5000,2.2106,0
24.054,GUIDE,1,-0.0692,0.7834,2.0789,2.2227,-0.03329,0.1113,0.0000,-0.0080,-2.8608,0.9920,2.9308,-0.1573,1.2373,5.0000,0.0000,0.5000,2.2022,0
24.104,GUIDE,1,-0.0692,0.7834,2.0789,2.2227,-0.03329,0.1113,0.0000,-0.0080,-2.8608,0.9920,2.9396,-0.1597,1.2370,5.0000,0.0000,0.5000,2.1941,0
24.155,GUIDE,1,-0.0695,0.7842,2.0763,2.2206,-0.03347,0.1103,0.0000,-0.0080,-2.8769,0.9920,2.9449,-0.1613,1.2368,5.0000,0.0000,0.5000,2.1892,0
24.208,GUIDE,1,-0.0696,0.7823,2.0654,2.2097,-0.03371,0.1049,0.0000,-0.0080,-2.8970,0.9920,2.9532,-0.1637,1.2365,5.0000,0.0000,0.5000,2.1814,0
24.256,GUIDE,1,-0.0688,0.7803,2.0546,2.1989,-0.03348,0.0994,0.0000,-0.0080,-2.8777,0.9920,2.9624,-0.1664,1.2362,5.0000,0.0000,0.5000,2.1729,0
24.308,GUIDE,1,-0.0684,0.7799,2.0491,2.1935,-0.03338,0.0968,0.0000,-0.0090,-2.8685,0.9910,2.9702,-0.1688,1.2358,5.0000,0.0000,0.5000,2.1656,0
24.357,GUIDE,1,-0.0679,0.7788,2.0409,2.1855,-0.03325,0.0928,0.0000,-0.0090,-2.8572,0.9910,2.9779,-0.1711,1.2355,5.0000,0.0000,0.5000,2.1585,0
24.408,GUIDE,1,-0.0680,0.7781,2.0353,2.1801,-0.03338,0.0900,0.0000,-0.0090,-2.8690,0.9910,2.9807,-0.1720,1.2354,5.0000,0.0000,0.5000,2.1559,0
24.459,GUIDE,1,-0.0669,0.7757,2.0245,2.1690,-0.03303,0.0845,0.0000,-0.0090,-2.8385,0.9910,2.9890,-0.1746,1.2351,5.0000,0.0000,0.5000,2.1482,0
24.510,GUIDE,1,-0.0666,0.7737,2.0147,2.1592,-0.03303,0.0796,0.0000,-0.0090,-2.8387,0.9910,2.9961,-0.1768,1.2348,5.0000,0.0000,0.5000,2.1416,0
24.561,GUIDE,1,-0.0666,0.7737,2.0147,2.1592,-0.03303,0.0796,0.0000,-0.0090,-2.8387,0.9910,3.0005,-0.1782,1.2346,5.0000,0.0000,0.5000,2.1376,0
24.613,GUIDE,1,-0.0667,0.7738,2.0115,2.1562,-0.03313,0.0781,0.0000,-0.0090,-2.8476,0.9910,3.0073,-0.1804,1.2343,5.0000,0.0000,0.5000,2.1313,0
24.664,GUIDE,1,-0.0659,0.7724,2.0045,2.1492,-0.03288,0.0746,0.0000,-0.0090,-2.8259,0.9910,3.0139,-0.1826,1.2340,5.0000,0.0000,0.5000,2.1252,0
24.714,GUIDE,1,-0.0650,0.7713,1.9982,2.1429,-0.03253,0.0714,0.0000,-0.0100,-2.7956,0.9900,3.0212,-0.1850,1.2337,5.0000,0.0000,0.5000,2.1186,0
24.767,GUIDE,1,-0.0646,0.7700,1.9912,2.1358,-0.03244,0.0679,0.0000,-0.0100,-2.7883,0.9900,3.0274,-0.1871,1.2335,5.0000,0.0000,0.5000,2.1129,0
24.817,GUIDE,1,-0.0641,0.7691,1.9862,2.1309,-0.03228,0.0655,0.0000,-0.0100,-2.7741,0.9900,3.0334,-0.1892,1.2333,5.0000,0.0000,0.5000,2.1073,0
24.867,GUIDE,1,-0.0635,0.7679,1.9805,2.1251,-0.03205,0.0625,0.0000,-0.0100,-2.7541,0.9900,3.0393,-0.1912,1.2330,5.0000,0.0000,0.5000,2.1020,0
24.919,GUIDE,1,-0.0625,0.7664,1.9739,2.1184,-0.03165,0.0592,0.0000,-0.0100,-2.7202,0.9900,3.0422,-0.1922,1.2329,5.0000,0.0000,0.5000,2.0994,0
24.970,GUIDE,1,-0.0625,0.7664,1.9739,2.1184,-0.03165,0.0592,0.0000,-0.0100,-2.7202,0.9900,3.0478,-0.1941,1.2327,5.0000,0.0000,0.5000,2.0942,0
25.020,GUIDE,1,-0.0611,0.7655,1.9687,2.1132,-0.03101,0.0566,0.0000,-0.0110,-2.6650,0.9890,3.0512,-0.1953,1.2326,5.0000,0.0000,0.5000,2.0911,0
25.072,GUIDE,1,-0.0608,0.7644,1.9631,2.1076,-0.03095,0.0538,0.0000,-0.0110,-2.6601,0.9890,3.0565,-0.1972,1.2325,5.0000,0.0000,0.5000,2.0862,0
25.122,GUIDE,1,-0.0596,0.7632,1.9568,2.1012,-0.03046,0.0506,0.0000,-0.0110,-2.6180,0.9890,3.0617,-0.1991,1.2323,5.0000,0.0000,0.5000,2.0815,0
25.173,GUIDE,1,-0.0586,0.7622,1.9516,2.0959,-0.03004,0.0480,0.0000,-0.0110,-2.5814,0.9890,3.0674,-0.2012,1.2321,5.0000,0.0000,0.5000,2.0764,0
25.226,GUIDE,1,-0.0577,0.7617,1.9472,2.0916,-0.02964,0.0458,0.0000,-0.0110,-2.5478,0.9890,3.0722,-0.2030,1.2320,5.0000,0.0000,0.5000,2.0720,0
25.277,GUIDE,1,-0.0566,0.7606,1.9415,2.0860,-0.02914,0.0430,0.0000,-0.0110,-2.5047,0.9890,3.0770,-0.2047,1.2319,5.0000,0.0000,0.5000,2.0678,0
25.328,GUIDE,1,-0.0560,0.7607,1.9392,2.0838,-0.02887,0.0419,0.0000,-0.0110,-2.4815,0.9890,3.0815,-0.2064,1.2318,5.0000,0.0000,0.5000,2.0637,0
25.379,GUIDE,1,-0.0550,0.7594,1.9328,2.0773,-0.02844,0.0387,0.0000,-0.0110,-2.4440,0.9890,3.0837,-0.2073,1.2317,5.0000,0.0000,0.5000,2.0617,0
25.429,GUIDE,1,-0.0550,0.7594,1.9328,2.0773,-0.02844,0.0387,0.0000,-0.0110,-2.4440,0.9890,3.0881,-0.2090,1.2316,5.0000,0.0000,0.5000,2.0577,0
25.480,GUIDE,1,-0.0541,0.7598,1.9314,2.0762,-0.02798,0.0381,0.0000,-0.0110,-2.4051,0.9890,3.0923,-0.2106,1.2315,5.0000,0.0000,0.5000,2.0540,0
25.531,GUIDE,1,-0.0532,0.7597,1.9289,2.0738,-0.02758,0.0369,0.0000,-0.0100,-2.3704,0.9900,3.0949,-0.2116,1.2315,5.0000,0.0000,0.5000,2.0517,0
25.584,GUIDE,1,-0.0518,0.7583,1.9226,2.0673,-0.02692,0.0337,0.0000,-0.0100,-2.3139,0.9900,3.0989,-0.2132,1.2314,5.0000,0.0000,0.5000,2.0481,0
25.633,GUIDE,1,-0.0513,0.7586,1.9210,2.0660,-0.02669,0.0330,0.0000,-0.0100,-2.2942,0.9900,3.1032,-0.2150,1.2313,5.0000,0.0000,0.5000,2.0442,0
25.686,GUIDE,1,-0.0498,0.7572,1.9147,2.0596,-0.02599,0.0298,0.0000,-0.0100,-2.2341,0.9900,3.1069,-0.2165,1.2313,5.0000,0.0000,0.5000,2.0409,0
25.735,GUIDE,1,-0.0492,0.7568,1.9118,2.0567,-0.02570,0.0284,0.0000,-0.0100,-2.2091,0.9900,3.1105,-0.2180,1.2312,5.0000,0.0000,0.5000,2.0377,0
25.786,GUIDE,1,-0.0483,0.7564,1.9087,2.0537,-0.02532,0.0268,0.0000,-0.0100,-2.1762,0.9900,3.1140,-0.2195,1.2311,5.0000,0.0000,0.5000,2.0346,0
25.838,GUIDE,1,-0.0465,0.7550,1.9034,2.0482,-0.02442,0.0241,0.0000,-0.0090,-2.0985,0.9910,3.1157,-0.2202,1.2311,5.0000,0.0000,0.5000,2.0331,0
25.888,GUIDE,1,-0.0456,0.7554,1.9028,2.0478,-0.02396,0.0239,0.0000,-0.0090,-2.0588,0.9910,3.1190,-0.2216,1.2310,5.0000,0.0000,0.5000,2.0302,0
25.940,GUIDE,1,-0.0456,0.7554,1.9028,2.0478,-0.02396,0.0239,0.0000,-0.0090,-2.0588,0.9910,3.1222,-0.2230,1.2309,5.0000,0.0000,0.5000,2.0274,0
25.990,GUIDE,1,-0.0446,0.7550,1.9001,2.0451,-0.02349,0.0226,0.0000,-0.0090,-2.0185,0.9910,3.1241,-0.2239,1.2309,5.0000,0.0000,0.5000,2.0257,0
26.045,GUIDE,1,-0.0433,0.7534,1.8937,2.0385,-0.02288,0.0193,0.0000,-0.0090,-1.9666,0.9910,3.1271,-0.2252,1.2308,5.0000,0.0000,0.5000,2.0230,0
26.095,GUIDE,1,-0.0423,0.7532,1.8915,2.0364,-0.02238,0.0182,0.0000,-0.0080,-1.9231,0.9920,3.1303,-0.2267,1.2307,5.0000,0.0000,0.5000,2.0202,0
26.146,GUIDE,1,-0.0410,0.7523,1.8885,2.0332,-0.02172,0.0166,0.0000,-0.0080,-1.8671,0.9920,3.1331,-0.2281,1.2306,5.0000,0.0000,0.5000,2.0177,0
26.197,GUIDE,1,-0.0401,0.7526,1.8886,2.0334,-0.02124,0.0167,0.0000,-0.0080,-1.8259,0.9920,3.1358,-0.2294,1.2305,5.0000,0.0000,0.5000,2.0154,0
26.248,GUIDE,1,-0.0393,0.7520,1.8865,2.0313,-0.02083,0.0156,0.0000,-0.0080,-1.7905,0.9920,3.1383,-0.2307,1.2304,5.0000,0.0000,0.5000,2.0131,0
26.299,GUIDE,1,-0.0385,0.7506,1.8815,2.0260,-0.02048,0.0130,0.0000,-0.0080,-1.7603,0.9920,3.1396,-0.2313,1.2304,5.0000,0.0000,0.5000,2.0120,0
26.349,GUIDE,1,-0.0374,0.7498,1.8785,2.0230,-0.01992,0.0115,0.0000,-0.0080,-1.7124,0.9920,3.1420,-0.2326,1.2302,5.0000,0.0000,0.5000,2.0099,0
26.401,GUIDE,1,-0.0374,0.7498,1.8785,2.0230,-0.01992,0.0115,0.0000,-0.0080,-1.7124,0.9920,3.1443,-0.2338,1.2301,5.0000,0.0000,0.5000,2.0078,0
26.452,GUIDE,1,-0.0366,0.7500,1.8779,2.0224,-0.01947,0.0112,0.0000,-0.0080,-1.6737,0.9920,3.1457,-0.2346,1.2300,5.0000,0.0000,0.5000,2.0066,0
26.503,GUIDE,1,-0.0355,0.7502,1.8781,2.0227,-0.01891,0.0113,0.0000,-0.0080,-1.6256,0.9920,3.1479,-0.2358,1.2299,5.0000,0.0000,0.5000,2.0046,0
26.553,GUIDE,1,-0.0346,0.7494,1.8754,2.0199,-0.01843,0.0099,0.0000,-0.0080,-1.5842,0.9920,3.1503,-0.2372,1.2297,5.0000,0.0000,0.5000,2.0026,0
26.604,GUIDE,1,-0.0339,0.7489,1.8733,2.0177,-0.01807,0.0088,0.0000,-0.0090,-1.5532,0.9910,3.1523,-0.2384,1.2296,5.0000,0.0000,0.5000,2.0008,0
26.655,GUIDE,1,-0.0331,0.7480,1.8705,2.0147,-0.01770,0.0074,0.0000,-0.0090,-1.5210,0.9910,3.1542,-0.2395,1.2294,5.0000,0.0000,0.5000,1.9991,0
26.707,GUIDE,1,-0.0323,0.7478,1.8691,2.0134,-0.01729,0.0067,0.0000,-0.0090,-1.4860,0.9910,3.1560,-0.2407,1.2293,5.0000,0.0000,0.5000,1.9975,0
26.757,GUIDE,1,-0.0316,0.7473,1.8675,2.0118,-0.01692,0.0059,0.0000,-0.0090,-1.4542,0.9910,3.1569,-0.2413,1.2292,5.0000,0.0000,0.5000,1.9967,0
26.808,GUIDE,1,-0.0306,0.7465,1.8658,2.0098,-0.01642,0.0049,0.0000,-0.0090,-1.4115,0.9910,3.1586,-0.2424,1.2291,5.0000,0.0000,0.5000,1.9952,0
26.860,GUIDE,1,-0.0306,0.7465,1.8658,2.0098,-0.01642,0.0049,0.0000,-0.0100,-1.4115,0.9900,3.1603,-0.2436,1.2289,5.0000,0.0000,0.5000,1.9938,0
26.911,GUIDE,1,-0.0300,0.7459,1.8645,2.0084,-0.01606,0.0042,0.0000,-0.0100,-1.3804,0.9900,3.1613,-0.2443,1.2288,5.0000,0.0000,0.5000,1.9929,0
26.963,GUIDE,1,-0.0296,0.7453,1.8631,2.0069,-0.01589,0.0034,0.0000,-0.0100,-1.3654,0.9900,3.1628,-0.2454,1.2287,5.0000,0.0000,0.5000,1.9916,0
27.014,GUIDE,1,-0.0291,0.7447,1.8612,2.0048,-0.01565,0.0024,0.0000,-0.0100,-1.3453,0.9900,3.1644,-0.2466,1.2286,5.0000,0.0000,0.5000,1.9902,0
27.065,GUIDE,1,-0.0286,0.7446,1.8609,2.0045,-0.01535,0.0023,0.0000,-0.0100,-1.3196,0.9900,3.1658,-0.2476,1.2285,5.0000,0.0000,0.5000,1.9890,0
27.115,GUIDE,1,-0.0278,0.7443,1.8601,2.0037,-0.01495,0.0019,0.0000,-0.0110,-1.2849,0.9890,3.1671,-0.2487,1.2285,5.0000,0.0000,0.5000,1.9879,0
27.166,GUIDE,1,-0.0271,0.7436,1.8575,2.0010,-0.01459,0.0005,0.0000,-0.0110,-1.2542,0.9890,3.1684,-0.2497,1.2284,5.0000,0.0000,0.5000,1.9869,0
27.218,GUIDE,1,-0.0266,0.7437,1.8574,2.0010,-0.01430,0.0005,0.0000,-0.0110,-1.2292,0.9890,3.1697,-0.2509,1.2283,5.0000,0.0000,0.5000,1.9858,0
27.268,GUIDE,1,-0.0262,0.7434,1.8560,1.9995,-0.01411,-0.0002,0.0000,-0.0110,-1.2129,0.9890,3.1702,-0.2513,1.2283,5.0000,0.0000,0.5000,1.9854,0
27.319,GUIDE,1,-0.0256,0.7432,1.8545,1.9980,-0.01380,-0.0010,0.0000,-0.0110,-1.1862,0.9890,3.1713,-0.2523,1.2283,5.0000,0.0000,0.5000,1.9845,0
27.371,GUIDE,1,-0.0256,0.7432,1.8545,1.9980,-0.01380,-0.0010,0.0000,-0.0120,-1.1862,0.9880,3.1719,-0.2529,1.2283,5.0000,0.0000,0.5000,1.9840,0
27.422,GUIDE,1,-0.0251,0.7428,1.8526,1.9961,-0.01354,-0.0020,0.0000,-0.0120,-1.1633,0.9880,3.1729,-0.2539,1.2283,5.0000,0.0000,0.5000,1.9832,0
27.472,GUIDE,1,-0.0249,0.7427,1.8513,1.9949,-0.01344,-0.0026,0.0000,-0.0120,-1.1548,0.9880,3.1740,-0.2550,1.2283,5.0000,0.0000,0.5000,1.9824,0
27.523,GUIDE,1,-0.0241,0.7427,1.8506,1.9942,-0.01300,-0.0029,0.0000,-0.0120,-1.1173,0.9880,3.1748,-0.2560,1.2283,5.0000,0.0000,0.5000,1.9817,0
27.575,GUIDE,1,-0.0238,0.7430,1.8509,1.9946,-0.01283,-0.0027,0.0000,-0.0120,-1.1030,0.9880,3.1756,-0.2569,1.2283,5.0000,0.0000,0.5000,1.9811,0
27.626,GUIDE,1,-0.0233,0.7427,1.8497,1.9934,-0.01257,-0.0033,0.0000,-0.0120,-1.0806,0.9880,3.1764,-0.2579,1.2284,5.0000,0.0000,0.5000,1.9806,0
27.677,GUIDE,1,-0.0226,0.7433,1.8510,1.9947,-0.01222,-0.0026,0.0000,-0.0130,-1.0505,0.9870,3.1767,-0.2583,1.2284,5.0000,0.0000,0.5000,1.9803,1
27.727,HOLD,1,-0.0218,0.7427,1.8486,1.9923,-0.01182,-0.0038,0.0000,-0.0130,-1.0157,0.9870,3.1774,-0.2593,1.2285,5.0000,0.0000,0.5000,1.9799,1
27.778,HOLD,1,-0.0218,0.7427,1.8486,1.9923,-0.01182,-0.0038,0.0000,-0.0130,-1.0157,0.9870,3.1780,-0.2602,1.2286,5.0000,0.0000,0.5000,1.9795,1
27.829,HOLD,1,-0.0216,0.7429,1.8484,1.9922,-0.01168,-0.0039,0.0000,-0.0130,-1.0035,0.9870,3.1783,-0.2608,1.2286,5.0000,0.0000,0.5000,1.9792,1
27.880,HOLD,1,-0.0214,0.7426,1.8469,1.9907,-0.01160,-0.0046,0.0000,-0.0140,-0.9966,0.9860,3.1788,-0.2617,1.2287,5.0000,0.0000,0.5000,1.9789,1
27.930,HOLD,1,-0.0212,0.7425,1.8464,1.9902,-0.01149,-0.0049,0.0000,-0.0140,-0.9877,0.9860,3.1793,-0.2627,1.2288,5.0000,0.0000,0.5000,1.9787,1
27.983,HOLD,1,-0.0210,0.7425,1.8459,1.9897,-0.01139,-0.0051,0.0000,-0.0140,-0.9793,0.9860,3.1797,-0.2636,1.2290,5.0000,0.0000,0.5000,1.9785,1
28.032,HOLD,1,-0.0208,0.7424,1.8452,1.9891,-0.01126,-0.0055,0.0000,-0.0150,-0.9681,0.9850,3.1801,-0.2645,1.2291,5.0000,0.0000,0.5000,1.9783,1
28.083,HOLD,1,-0.0205,0.7423,1.8449,1.9888,-0.01109,-0.0056,0.0000,-0.0150,-0.9530,0.9850,3.1802,-0.2649,1.2292,5.0000,0.0000,0.5000,1.9783,1
28.134,HOLD,1,-0.0200,0.7419,1.8438,1.9876,-0.01087,-0.0062,0.0000,-0.0150,-0.9340,0.9850,3.1805,-0.2659,1.2293,5.0000,0.0000,0.5000,1.9782,1
28.184,HOLD,1,-0.0200,0.7419,1.8438,1.9876,-0.01087,-0.0062,0.0000,-0.0160,-0.9340,0.9840,3.1806,-0.2667,1.2295,5.0000,0.0000,0.5000,1.9782,1
28.235,HOLD,1,-0.0197,0.7420,1.8440,1.9878,-0.01071,-0.0061,0.0000,-0.0160,-0.9202,0.9840,3.1807,-0.2673,1.2296,5.0000,0.0000,0.5000,1.9783,1
28.285,HOLD,1,-0.0195,0.7419,1.8438,1.9876,-0.01057,-0.0062,0.0000,-0.0160,-0.9084,0.9840,3.1809,-0.2681,1.2299,5.0000,0.0000,0.5000,1.9783,1
28.337,HOLD,1,-0.0193,0.7421,1.8447,1.9885,-0.01047,-0.0058,0.0000,-0.0170,-0.8999,0.9830,3.1809,-0.2690,1.2301,5.0000,0.0000,0.5000,1.9785,1
28.388,HOLD,1,-0.0191,0.7421,1.8451,1.9888,-0.01034,-0.0056,0.0000,-0.0170,-0.8889,0.9830,3.1810,-0.2699,1.2303,5.0000,0.0000,0.5000,1.9787,1
28.439,HOLD,1,-0.0188,0.7421,1.8454,1.9891,-0.01018,-0.0054,0.0000,-0.0170,-0.8745,0.9830,3.1809,-0.2707,1.2306,5.0000,0.0000,0.5000,1.9789,1
28.489,HOLD,1,-0.0186,0.7420,1.8457,1.9894,-0.01007,-0.0053,0.0000,-0.0180,-0.8652,0.9820,3.1809,-0.2715,1.2309,5.0000,0.0000,0.5000,1.9792,1
28.541,HOLD,1,-0.0183,0.7418,1.8457,1.9893,-0.00991,-0.0053,0.0000,-0.0180,-0.8519,0.9820,3.1808,-0.2718,1.2310,5.0000,0.0000,0.5000,1.9793,1
28.592,HOLD,1,-0.0181,0.7417,1.8460,1.9895,-0.00983,-0.0052,0.0000,-0.0180,-0.8449,0.9820,3.1807,-0.2727,1.2313,5.0000,0.0000,0.5000,1.9797,1
28.642,HOLD,1,-0.0181,0.7417,1.8460,1.9895,-0.00983,-0.0052,0.0000,-0.0180,-0.8449,0.9820,3.1805,-0.2735,1.2316,5.0000,0.0000,0.5000,1.9801,1
28.693,HOLD,1,-0.0180,0.7414,1.8460,1.9894,-0.00977,-0.0053,0.0000,-0.0180,-0.8397,0.9820,3.1804,-0.2740,1.2319,5.0000,0.0000,0.5000,1.9803,1
28.746,HOLD,1,-0.0179,0.7418,1.8482,1.9916,-0.00970,-0.0042,0.0000,-0.0180,-0.8337,0.9820,3.1802,-0.2747,1.2322,5.0000,0.0000,0.5000,1.9808,1
28.797,HOLD,1,-0.0177,0.7420,1.8494,1.9928,-0.00958,-0.0036,0.0000,-0.0180,-0.8231,0.9820,3.1799,-0.2755,1.2326,5.0000,0.0000,0.5000,1.9812,1
28.848,HOLD,1,-0.0174,0.7424,1.8510,1.9944,-0.00943,-0.0028,0.0000,-0.0180,-0.8102,0.9820,3.1796,-0.2763,1.2330,5.0000,0.0000,0.5000,1.9818,1
28.899,HOLD,1,-0.0171,0.7423,1.8514,1.9948,-0.00925,-0.0026,0.0000,-0.0180,-0.7950,0.9820,3.1793,-0.2770,1.2334,5.0000,0.0000,0.5000,1.9823,1
28.949,HOLD,1,-0.0168,0.7422,1.8513,1.9946,-0.00910,-0.0027,0.0000,-0.0180,-0.7818,0.9820,3.1789,-0.2777,1.2339,5.0000,0.0000,0.5000,1.9829,1
29.000,HOLD,1,-0.0163,0.7424,1.8521,1.9954,-0.00881,-0.0023,0.0000,-0.0180,-0.7573,0.9820,3.1788,-0.2779,1.2340,5.0000,0.0000,0.5000,1.9831,1
29.051,HOLD,1,-0.0163,0.7428,1.8539,1.9972,-0.00880,-0.0014,0.0000,-0.0170,-0.7565,0.9830,3.1784,-0.2787,1.2345,5.0000,0.0000,0.5000,1.9838,1
29.102,HOLD,1,-0.0161,0.7422,1.8528,1.9960,-0.00871,-0.0020,0.0000,-0.0170,-0.7489,0.9830,3.1780,-0.2793,1.2349,5.0000,0.0000,0.5000,1.9844,1
29.153,HOLD,1,-0.0161,0.7422,1.8528,1.9960,-0.00871,-0.0020,0.0000,-0.0170,-0.7489,0.9830,3.1777,-0.2797,1.2352,5.0000,0.0000,0.5000,1.9848,1
29.204,HOLD,1,-0.0159,0.7419,1.8526,1.9958,-0.00860,-0.0021,0.0000,-0.0160,-0.7391,0.9840,3.1773,-0.2803,1.2356,5.0000,0.0000,0.5000,1.9854,1
29.255,HOLD,1,-0.0157,0.7418,1.8530,1.9960,-0.00847,-0.0020,0.0000,-0.0160,-0.7277,0.9840,3.1769,-0.2809,1.2361,5.0000,0.0000,0.5000,1.9861,1
29.306,HOLD,1,-0.0152,0.7419,1.8542,1.9972,-0.00822,-0.0014,0.0000,-0.0150,-0.7066,0.9850,3.1764,-0.2815,1.2365,5.0000,0.0000,0.5000,1.9868,1
29.357,HOLD,1,-0.0148,0.7417,1.8547,1.9976,-0.00801,-0.0012,0.0000,-0.0150,-0.6880,0.9850,3.1759,-0.2821,1.2370,5.0000,0.0000,0.5000,1.9874,1
29.409,HOLD,1,-0.0144,0.7418,1.8562,1.9990,-0.00778,-0.0005,0.0000,-0.0140,-0.6685,0.9860,3.1755,-0.2826,1.2374,5.0000,0.0000,0.5000,1.9881,1
29.459,HOLD,1,-0.0139,0.7414,1.8559,1.9986,-0.00748,-0.0007,0.0000,-0.0140,-0.6425,0.9860,3.1753,-0.2828,1.2375,5.0000,0.0000,0.5000,1.9883,1
29.509,HOLD,1,-0.0136,0.7416,1.8567,1.9994,-0.00730,-0.0003,0.0000,-0.0130,-0.6275,0.9870,3.1748,-0.2834,1.2380,5.0000,0.0000,0.5000,1.9890,1
29.561,HOLD,1,-0.0136,0.7416,1.8567,1.9994,-0.00730,-0.0003,0.0000,-0.0130,-0.6275,0.9870,3.1744,-0.2838,1.2383,5.0000,0.0000,0.5000,1.9896,1
29.612,HOLD,1,-0.0136,0.7421,1.8587,2.0014,-0.00729,0.0007,0.0000,-0.0130,-0.6269,0.9870,3.1741,-0.2841,1.2386,5.0000,0.0000,0.5000,1.9900,1
29.663,HOLD,1,-0.0130,0.7414,1.8576,2.0002,-0.00701,0.0001,0.0000,-0.0120,-0.6021,0.9880,3.1736,-0.2845,1.2389,5.0000,0.0000,0.5000,1.9906,1
29.713,HOLD,1,-0.0128,0.7423,1.8605,2.0031,-0.00688,0.0016,0.0000,-0.0110,-0.5913,0.9890,3.1732,-0.2850,1.2392,5.0000,0.0000,0.5000,1.9912,1
