t,t_sim,phase,law,detected,meas_x,meas_y,meas_z,meas_range,meas_conf,bearing_rad,psi_deg,lambda_deg,lambda_dot_deg_s,r_hat_m,rdot_hat_m_s,vc_m_s,a_cmd_m_s2,v_perp_m_s,cmd_vn,cmd_ve,cmd_vd,cmd_yaw_deg,alt_m,gt_cam_x,gt_cam_y,gt_cam_z,gt_tag_x,gt_tag_y,gt_tag_z,gt_range,ext_x,ext_y,ext_z,ext_fresh,tgt_n_hat,tgt_e_hat,tgt_vn_hat,tgt_ve_hat,ext_age_s,cue_stale,coast_phase,ekf_dn_hat,ekf_de_hat,ekf_dvn_hat,ekf_dve_hat,ekf_p_diag0,ekf_p_diag1,ekf_p_diag2,ekf_p_diag3,meas_source
2.580,9.968,TAKEOFF,pronav,0,,,,,,,96.522,,,,,,,0.0000,,,,,0.0000,0.1200,0.0300,0.2290,6.5000,-30.7200,0.5000,31.4061,,,,,,,,,,,,,,,,,,,,
2.781,10.088,TAKEOFF,pronav,0,,,,,,,96.519,,,,,,,0.0000,,,,,0.0030,0.1200,0.0300,0.2290,6.5000,-30.7200,0.5000,31.4061,,,,,,,,,,,,,,,,,,,,
2.982,10.200,TAKEOFF,pronav,0,,,,,,,96.521,,,,,,,0.0000,,,,,0.0040,0.1200,0.0300,0.2290,6.5000,-30.7200,0.5000,31.4061,,,,,,,,,,,,,,,,,,,,
3.182,10.304,TAKEOFF,pronav,0,,,,,,,96.524,,,,,,,0.0000,,,,,0.0040,0.1200,0.0300,0.2290,6.5000,-30.7200,0.5000,31.4061,,,,,,,,,,,,,,,,,,,,
3.384,10.432,TAKEOFF,pronav,0,,,,,,,96.526,,,,,,,0.0000,,,,,0.0040,0.1200,0.0300,0.2290,6.5000,-30.7200,0.5000,31.4061,,,,,,,,,,,,,,,,,,,,
3.585,10.552,TAKEOFF,pronav,0,,,,,,,96.520,,,,,,,0.0000,,,,,0.0040,0.1200,0.0300,0.2290,6.5000,-30.7200,0.5000,31.4061,,,,,,,,,,,,,,,,,,,,
3.792,10.660,TAKEOFF,pronav,0,,,,,,,96.512,,,,,,,0.0000,,,,,0.0050,0.1200,0.0300,0.2290,6.5000,-30.7200,0.5000,31.4061,,,,,,,,,,,,,,,,,,,,
3.993,10.764,TAKEOFF,pronav,0,,,,,,,96.507,,,,,,,0.0000,,,,,0.0070,0.1200,0.0300,0.2290,6.5000,-30.7200,0.5000,31.4061,,,,,,,,,,,,,,,,,,,,
4.195,10.892,TAKEOFF,pronav,0,,,,,,,96.510,,,,,,,0.0000,,,,,0.0090,0.1200,0.0300,0.2290,6.5000,-30.7200,0.5000,31.4061,,,,,,,,,,,,,,,,,,,,
4.398,11.024,TAKEOFF,pronav,0,,,,,,,96.522,,,,,,,0.0000,,,,,0.0120,0.1200,0.0300,0.2290,6.5000,-30.7200,0.5000,31.4061,,,,,,,,,,,,,,,,,,,,
4.602,11.156,TAKEOFF,pronav,0,,,,,,,96.532,,,,,,,0.0000,,,,,0.0150,0.1200,0.0300,0.2290,6.5000,-30.7200,0.5000,31.4061,,,,,,,,,,,,,,,,,,,,
4.803,11.256,TAKEOFF,pronav,0,,,,,,,96.541,,,,,,,0.0000,,,,,0.0170,0.1200,0.0300,0.2290,6.5000,-30.7200,0.5000,31.4061,,,,,,,,,,,,,,,,,,,,
5.004,11.372,TAKEOFF,pronav,0,,,,,,,96.547,,,,,,,0.0000,,,,,0.0200,0.1200,0.0300,0.2290,6.5000,-30.7200,0.5000,31.4061,,,,,,,,,,,,,,,,,,,,
5.206,11.488,TAKEOFF,pronav,0,,,,,,,96.546,,,,,,,0.0000,,,,,0.0230,0.1200,0.0300,0.2290,6.5000,-30.7200,0.5000,31.4061,,,,,,,,,,,,,,,,,,,,
5.407,11.612,TAKEOFF,pronav,0,,,,,,,96.546,,,,,,,0.0000,,,,,0.0250,0.1200,0.0300,0.2290,6.5000,-30.7200,0.5000,31.4061,,,,,,,,,,,,,,,,,,,,
5.608,11.716,TAKEOFF,pronav,0,,,,,,,96.551,,,,,,,0.0000,,,,,0.0270,0.1200,0.0300,0.2290,6.5000,-30.7200,0.5000,31.4061,,,,,,,,,,,,,,,,,,,,
5.813,11.816,TAKEOFF,pronav,0,,,,,,,96.558,,,,,,,0.0000,,,,,0.0000,0.1200,0.0300,0.2290,6.5000,-30.7200,0.5000,31.4061,,,,,,,,,,,,,,,,,,,,
6.014,11.936,TAKEOFF,pronav,0,,,,,,,96.574,,,,,,,0.0000,,,,,0.0000,0.1200,0.0300,0.2290,6.5000,-30.7200,0.5000,31.4061,,,,,,,,,,,,,,,,,,,,
6.216,12.048,TAKEOFF,pronav,0,,,,,,,96.591,,,,,,,0.0000,,,,,0.0000,0.1200,0.0300,0.2290,6.5000,-30.7200,0.5000,31.4061,,,,,,,,,,,,,,,,,,,,
6.418,12.180,TAKEOFF,pronav,0,,,,,,,96.605,,,,,,,0.0000,,,,,0.0000,0.1200,0.0300,0.2290,6.5000,-30.7200,0.5000,31.4061,,,,,,,,,,,,,,,,,,,,
6.621,12.280,TAKEOFF,pronav,0,,,,,,,96.606,,,,,,,0.0000,,,,,0.0010,0.1200,0.0300,0.2290,6.5000,-30.7200,0.5000,31.4061,,,,,,,,,,,,,,,,,,,,
6.822,12.400,TAKEOFF,pronav,0,,,,,,,96.604,,,,,,,0.0000,,,,,0.0020,0.1200,0.0300,0.2290,6.5000,-30.7200,0.5000,31.4061,,,,,,,,,,,,,,,,,,,,
7.023,12.512,TAKEOFF,pronav,0,,,,,,,96.601,,,,,,,0.0000,,,,,0.0040,0.1200,0.0300,0.2290,6.5000,-30.7200,0.5000,31.4061,,,,,,,,,,,,,,,,,,,,
7.224,12.632,TAKEOFF,pronav,0,,,,,,,96.597,,,,,,,0.0000,,,,,0.0070,0.1200,0.0300,0.2290,6.5000,-30.7200,0.5000,31.4061,,,,,,,,,,,,,,,,,,,,
7.425,12.740,TAKEOFF,pronav,0,,,,,,,96.594,,,,,,,0.0000,,,,,0.0100,0.1200,0.0300,0.2290,6.5000,-30.7200,0.5000,31.4061,,,,,,,,,,,,,,,,,,,,
7.626,12.840,TAKEOFF,pronav,0,,,,,,,96.590,,,,,,,0.0000,,,,,0.0120,0.1200,0.0300,0.2290,6.5000,-30.7200,0.5000,31.4061,,,,,,,,,,,,,,,,,,,,
7.827,12.956,TAKEOFF,pronav,0,,,,,,,96.589,,,,,,,0.0000,,,,,0.0130,0.1200,0.0300,0.2290,6.5000,-30.7200,0.5000,31.4061,,,,,,,,,,,,,,,,,,,,
8.029,13.072,TAKEOFF,pronav,0,,,,,,,96.587,,,,,,,0.0000,,,,,0.0150,0.1200,0.0300,0.2290,6.5000,-30.7200,0.5000,31.4061,,,,,,,,,,,,,,,,,,,,
8.230,13.204,TAKEOFF,pronav,0,,,,,,,96.587,,,,,,,0.0000,,,,,0.0160,0.1200,0.0300,0.2290,6.5000,-30.7200,0.5000,31.4061,,,,,,,,,,,,,,,,,,,,
8.432,13.300,TAKEOFF,pronav,0,,,,,,,96.588,,,,,,,0.0000,,,,,0.0150,0.1200,0.0300,0.2290,6.5000,-30.7200,0.5000,31.4061,,,,,,,,,,,,,,,,,,,,
8.633,13.400,TAKEOFF,pronav,0,,,,,,,96.587,,,,,,,0.0000,,,,,0.0130,0.1200,0.0300,0.2290,6.5000,-30.7200,0.5000,31.4061,,,,,,,,,,,,,,,,,,,,
8.834,13.532,TAKEOFF,pronav,0,,,,,,,96.583,,,,,,,0.0000,,,,,0.0080,0.1200,0.0300,0.2290,6.5000,-30.7200,0.5000,31.4061,,,,,,,,,,,,,,,,,,,,
9.038,13.640,TAKEOFF,pronav,0,,,,,,,96.582,,,,,,,0.0000,,,,,0.0040,0.1200,0.0300,0.2290,6.5000,-30.7200,0.5000,31.4061,,,,,,,,,,,,,,,,,,,,
9.240,13.728,TAKEOFF,pronav,0,,,,,,,96.584,,,,,,,0.0000,,,,,0.0000,0.1200,0.0300,0.2290,6.5000,-30.7200,0.5000,31.4061,,,,,,,,,,,,,,,,,,,,
9.444,13.828,TAKEOFF,pronav,0,,,,,,,96.583,,,,,,,0.0000,,,,,-0.0030,0.1200,0.0300,0.2290,6.5000,-30.7200,0.5000,31.4061,,,,,,,,,,,,,,,,,,,,
9.644,13.940,TAKEOFF,pronav,0,,,,,,,96.591,,,,,,,0.0000,,,,,-0.0070,0.1200,0.0300,0.2290,6.5000,-30.7200,0.5000,31.4061,,,,,,,,,,,,,,,,,,,,
9.845,14.036,TAKEOFF,pronav,0,,,,,,,96.598,,,,,,,0.0000,,,,,-0.0110,0.1200,0.0300,0.2290,6.5000,-30.7200,0.5000,31.4061,,,,,,,,,,,,,,,,,,,,
10.046,14.128,TAKEOFF,pronav,0,,,,,,,96.602,,,,,,,0.0000,,,,,-0.0140,0.1200,0.0300,0.2290,6.5000,-30.7200,0.5000,31.4061,,,,,,,,,,,,,,,,,,,,
10.248,14.224,TAKEOFF,pronav,0,,,,,,,96.604,,,,,,,0.0000,,,,,-0.0170,0.1200,0.0300,0.2290,6.5000,-30.7200,0.5000,31.4061,,,,,,,,,,,,,,,,,,,,
10.449,14.324,TAKEOFF,pronav,0,,,,,,,96.603,,,,,,,0.0000,,,,,-0.0190,0.1200,0.0300,0.2290,6.5000,-30.7200,0.5000,31.4061,,,,,,,,,,,,,,,,,,,,
10.651,14.424,TAKEOFF,pronav,0,,,,,,,96.600,,,,,,,0.0000,,,,,-0.0200,0.1200,0.0300,0.2290,6.5000,-30.7200,0.5000,31.4061,,,,,,,,,,,,,,,,,,,,
10.852,14.524,TAKEOFF,pronav,0,,,,,,,96.596,,,,,,,0.0000,,,,,-0.0210,0.1200,0.0300,0.2290,6.5000,-30.7200,0.5000,31.4061,,,,,,,,,,,,,,,,,,,,
11.053,14.620,TAKEOFF,pronav,0,,,,,,,96.591,,,,,,,0.0000,,,,,-0.0230,0.1200,0.0300,0.2290,6.5000,-30.7200,0.5000,31.4061,,,,,,,,,,,,,,,,,,,,
11.254,14.740,TAKEOFF,pronav,0,,,,,,,96.584,,,,,,,0.0000,,,,,-0.0240,0.1200,0.0300,0.2290,6.5000,-30.7200,0.5000,31.4061,,,,,,,,,,,,,,,,,,,,
11.456,14.852,TAKEOFF,pronav,0,,,,,,,96.583,,,,,,,0.0000,,,,,-0.0250,0.1200,0.0300,0.2290,6.5000,-30.7200,0.5000,31.4061,,,,,,,,,,,,,,,,,,,,
11.663,14.952,TAKEOFF,pronav,0,,,,,,,96.582,,,,,,,0.0000,,,,,-0.0260,0.1200,0.0300,0.2290,6.5000,-30.7200,0.5000,31.4061,,,,,,,,,,,,,,,,,,,,
11.866,15.052,TAKEOFF,pronav,0,,,,,,,96.585,,,,,,,0.0000,,,,,-0.0260,0.1200,0.0300,0.2290,6.5000,-30.7200,0.5000,31.4061,,,,,,,,,,,,,,,,,,,,
12.068,15.148,TAKEOFF,pronav,0,,,,,,,96.588,,,,,,,0.0000,,,,,-0.0250,0.1200,0.0300,0.2290,6.5000,-30.7200,0.5000,31.4061,,,,,,,,,,,,,,,,,,,,
12.269,15.272,TAKEOFF,pronav,0,,,,,,,96.591,,,,,,,0.0000,,,,,-0.0230,0.1200,0.0300,0.2290,6.5000,-30.7200,0.5000,31.4061,,,,,,,,,,,,,,,,,,,,
12.470,15.380,TAKEOFF,pronav,0,,,,,,,96.594,,,,,,,0.0000,,,,,-0.0200,0.1200,0.0300,0.2290,6.5000,-30.7200,0.5000,31.4061,,,,,,,,,,,,,,,,,,,,
12.672,15.492,TAKEOFF,pronav,0,,,,,,,96.593,,,,,,,0.0000,,,,,-0.0160,0.1200,0.0301,0.2290,6.5000,-30.7200,0.5000,31.4061,,,,,,,,,,,,,,,,,,,,
12.873,15.580,TAKEOFF,pronav,0,,,,,,,96.592,,,,,,,0.0000,,,,,-0.0130,0.1200,0.0305,0.2292,6.5000,-30.7200,0.5000,31.4066,,,,,,,,,,,,,,,,,,,,
13.074,15.700,TAKEOFF,pronav,0,,,,,,,96.560,,,,,,,0.0000,,,,,-0.0100,0.1202,0.0324,0.2301,6.5000,-30.7200,0.5000,31.4084,,,,,,,,,,,,,,,,,,,,
13.277,15.808,TAKEOFF,pronav,0,,,,,,,96.573,,,,,,,0.0000,,,,,-0.0050,0.1207,0.0350,0.2313,6.5000,-30.7200,0.5000,31.4108,,,,,,,,,,,,,,,,,,,,
13.478,15.940,TAKEOFF,pronav,0,,,,,,,96.844,,,,,,,0.0000,,,,,-0.0010,0.1220,0.0407,0.2333,6.5000,-30.7200,0.5000,31.4161,,,,,,,,,,,,,,,,,,,,
13.680,16.040,TAKEOFF,pronav,0,,,,,,,97.057,,,,,,,0.0000,,,,,0.0000,0.1241,0.0491,0.2356,6.5000,-30.7200,0.5000,31.4239,,,,,,,,,,,,,,,,,,,,
13.882,16.152,TAKEOFF,pronav,0,,,,,,,97.225,,,,,,,0.0000,,,,,0.0060,0.1281,0.0636,0.2408,6.5000,-30.7200,0.5000,31.4372,,,,,,,,,,,,,,,,,,,,
14.082,16.272,TAKEOFF,pronav,0,,,,,,,97.333,,,,,,,0.0000,,,,,0.0150,0.1343,0.0839,0.2495,6.5000,-30.7200,0.5000,31.4558,,,,,,,,,,,,,,,,,,,,
14.283,16.400,TAKEOFF,pronav,0,,,,,,,97.412,,,,,,,0.0000,,,,,0.0260,0.1428,0.1094,0.2624,6.5000,-30.7200,0.5000,31.4789,,,,,,,,,,,,,,,,,,,,
14.484,16.472,TAKEOFF,pronav,0,,,,,,,97.445,,,,,,,0.0000,,,,,0.0350,0.1480,0.1244,0.2711,6.5000,-30.7200,0.5000,31.4925,,,,,,,,,,,,,,,,,,,,
14.685,16.600,TAKEOFF,pronav,0,,,,,,,97.443,,,,,,,0.0000,,,,,0.0500,0.1563,0.1469,0.2864,6.5000,-30.7200,0.5000,31.5128,,,,,,,,,,,,,,,,,,,,
14.886,16.716,TAKEOFF,pronav,0,,,,,,,97.365,,,,,,,0.0000,,,,,0.0660,0.1635,0.1656,0.3019,6.5000,-30.7200,0.5000,31.5295,,,,,,,,,,,,,,,,,,,,
15.087,16.832,TAKEOFF,pronav,0,,,,,,,97.212,,,,,,,0.0000,,,,,0.0840,0.1703,0.1820,0.3197,6.5000,-30.7200,0.5000,31.5441,,,,,,,,,,,,,,,,,,,,
15.288,16.964,TAKEOFF,pronav,0,,,,,,,97.037,,,,,,,0.0000,,,,,0.1060,0.1765,0.1949,0.3401,6.5000,-30.7200,0.5000,31.5554,,,,,,,,,,,,,,,,,,,,
15.490,17.064,TAKEOFF,pronav,0,,,,,,,96.953,,,,,,,0.0000,,,,,0.1220,0.1802,0.2009,0.3560,6.5000,-30.7200,0.5000,31.5605,,,,,,,,,,,,,,,,,,,,
15.691,17.188,TAKEOFF,pronav,0,,,,,,,96.907,,,,,,,0.0000,,,,,0.1410,0.1838,0.2039,0.3774,6.5000,-30.7200,0.5000,31.5626,,,,,,,,,,,,,,,,,,,,
15.894,17.280,TAKEOFF,pronav,0,,,,,,,96.891,,,,,,,0.0000,,,,,0.1540,0.1853,0.2031,0.3898,6.5000,-30.7200,0.5000,31.5615,,,,,,,,,,,,,,,,,,,,
16.098,17.396,TAKEOFF,pronav,0,,,,,,,96.868,,,,,,,0.0000,,,,,0.1730,0.1870,0.1979,0.4116,6.5000,-30.7200,0.5000,31.5559,,,,,,,,,,,,,,,,,,,,
16.301,17.524,TAKEOFF,pronav,0,,,,,,,96.827,,,,,,,0.0000,,,,,0.1940,0.1875,0.1893,0.4315,6.5000,-30.7200,0.5000,31.5474,,,,,,,,,,,,,,,,,,,,
16.502,17.624,TAKEOFF,pronav,0,,,,,,,96.799,,,,,,,0.0000,,,,,0.2080,0.1873,0.1804,0.4475,6.5000,-30.7200,0.5000,31.5386,,,,,,,,,,,,,,,,,,,,
16.704,17.748,TAKEOFF,pronav,0,,,,,,,96.763,,,,,,,0.0000,,,,,0.2250,0.1862,0.1652,0.4703,6.5000,-30.7200,0.5000,31.5240,,,,,,,,,,,,,,,,,,,,
16.905,17.868,TAKEOFF,pronav,0,,,,,,,96.711,,,,,,,0.0000,,,,,0.2420,0.1846,0.1512,0.4890,6.5000,-30.7200,0.5000,31.5105,,,,,,,,,,,,,,,,,,,,
17.106,17.988,TAKEOFF,pronav,0,,,,,,,96.642,,,,,,,0.0000,,,,,0.2580,0.1825,0.1353,0.5084,6.5000,-30.7200,0.5000,31.4954,,,,,,,,,,,,,,,,,,,,
17.308,18.092,TAKEOFF,pronav,0,,,,,,,96.581,,,,,,,0.0000,,,,,0.2690,0.1802,0.1203,0.5222,6.5000,-30.7200,0.5000,31.4812,,,,,,,,,,,,,,,,,,,,
17.511,18.220,TAKEOFF,pronav,0,,,,,,,96.535,,,,,,,0.0000,,,,,0.2710,0.1774,0.1050,0.5258,6.5000,-30.7200,0.5000,31.4667,,,,,,,,,,,,,,,,,,,,
17.713,18.352,TAKEOFF,pronav,0,,,,,,,96.497,,,,,,,0.0000,,,,,0.2580,0.1740,0.0882,0.5193,6.5000,-30.7200,0.5000,31.4510,,,,,,,,,,,,,,,,,,,,
17.915,18.476,TAKEOFF,pronav,0,,,,,,,96.433,,,,,,,0.0000,,,,,0.2450,0.1704,0.0726,0.5129,6.5000,-30.7200,0.5000,31.4364,,,,,,,,,,,,,,,,,,,,
18.116,18.568,TAKEOFF,pronav,0,,,,,,,96.375,,,,,,,0.0000,,,,,0.2400,0.1682,0.0639,0.5128,6.5000,-30.7200,0.5000,31.4283,,,,,,,,,,,,,,,,,,,,
18.317,18.688,TAKEOFF,pronav,0,,,,,,,96.309,,,,,,,0.0000,,,,,0.2440,0.1646,0.0510,0.5183,6.5000,-30.7200,0.5000,31.4165,,,,,,,,,,,,,,,,,,,,
18.517,18.812,TAKEOFF,pronav,0,,,,,,,96.283,,,,,,,0.0000,,,,,0.2530,0.1613,0.0411,0.5270,6.5000,-30.7200,0.5000,31.4074,,,,,,,,,,,,,,,,,,,,
18.718,18.944,TAKEOFF,pronav,0,,,,,,,96.285,,,,,,,0.0000,,,,,0.2670,0.1578,0.0320,0.5384,6.5000,-30.7200,0.5000,31.3992,,,,,,,,,,,,,,,,,,,,
18.920,19.060,TAKEOFF,pronav,0,,,,,,,96.288,,,,,,,0.0000,,,,,0.2790,0.1549,0.0258,0.5483,6.5000,-30.7200,0.5000,31.3938,,,,,,,,,,,,,,,,,,,,
19.121,19.156,TAKEOFF,pronav,0,,,,,,,96.286,,,,,,,0.0000,,,,,0.2890,0.1522,0.0213,0.5570,6.5000,-30.7200,0.5000,31.3899,,,,,,,,,,,,,,,,,,,,
19.323,19.276,TAKEOFF,pronav,0,,,,,,,96.278,,,,,,,0.0000,,,,,0.3010,0.1491,0.0173,0.5666,6.5000,-30.7200,0.5000,31.3866,,,,,,,,,,,,,,,,,,,,
19.524,19.408,TAKEOFF,pronav,0,,,,,,,96.272,,,,,,,0.0000,,,,,0.3150,0.1457,0.0140,0.5767,6.5000,-30.7200,0.5000,31.3841,,,,,,,,,,,,,,,,,,,,
19.724,19.532,TAKEOFF,pronav,0,,,,,,,96.261,,,,,,,0.0000,,,,,0.3250,0.1424,0.0120,0.5859,6.5000,-30.7200,0.5000,31.3828,,,,,,,,,,,,,,,,,,,,
19.927,19.636,TAKEOFF,pronav,0,,,,,,,96.253,,,,,,,0.0000,,,,,0.3320,0.1397,0.0110,0.5928,6.5000,-30.7200,0.5000,31.3824,,,,,,,,,,,,,,,,,,,,
20.128,19.752,TAKEOFF,pronav,0,,,,,,,96.242,,,,,,,0.0000,,,,,0.3410,0.1373,0.0104,0.5990,6.5000,-30.7200,0.5000,31.3824,,,,,,,,,,,,,,,,,,,,
20.330,19.868,TAKEOFF,pronav,0,,,,,,,96.227,,,,,,,0.0000,,,,,0.3490,0.1348,0.0102,0.6055,6.5000,-30.7200,0.5000,31.3827,,,,,,,,,,,,,,,,,,,,
20.530,20.000,TAKEOFF,pronav,0,,,,,,,96.217,,,,,,,0.0000,,,,,0.3570,0.1320,0.0102,0.6125,6.5000,-30.7200,0.5000,31.3833,,,,,,,,,,,,,,,,,,,,
20.731,20.100,TAKEOFF,pronav,0,,,,,,,96.215,,,,,,,0.0000,,,,,0.3630,0.1301,0.0104,0.6172,6.5000,-30.7200,0.5000,31.3838,,,,,,,,,,,,,,,,,,,,
20.935,20.232,TAKEOFF,pronav,0,,,,,,,96.201,,,,,,,0.0000,,,,,0.3700,0.1279,0.0106,0.6230,6.5000,-30.7200,0.5000,31.3845,,,,,,,,,,,,,,,,,,,,
21.136,20.332,TAKEOFF,pronav,0,,,,,,,96.192,,,,,,,0.0000,,,,,0.3740,0.1264,0.0107,0.6270,6.5000,-30.7200,0.5000,31.3850,,,,,,,,,,,,,,,,,,,,
21.339,20.464,TAKEOFF,pronav,0,,,,,,,96.183,,,,,,,0.0000,,,,,0.3790,0.1247,0.0109,0.6322,6.5000,-30.7200,0.5000,31.3856,,,,,,,,,,,,,,,,,,,,
21.541,20.588,TAKEOFF,pronav,0,,,,,,,96.158,,,,,,,0.0000,,,,,0.3820,0.1232,0.0112,0.6373,6.5000,-30.7200,0.5000,31.3861,,,,,,,,,,,,,,,,,,,,
21.743,20.708,TAKEOFF,pronav,0,,,,,,,96.117,,,,,,,0.0000,,,,,0.3870,0.1220,0.0115,0.6415,6.5000,-30.7200,0.5000,31.3867,,,,,,,,,,,,,,,,,,,,
21.945,20.804,TAKEOFF,pronav,0,,,,,,,96.084,,,,,,,0.0000,,,,,0.3900,0.1212,0.0119,0.6451,6.5000,-30.7200,0.5000,31.3872,,,,,,,,,,,,,,,,,,,,
22.146,20.924,TAKEOFF,pronav,0,,,,,,,96.048,,,,,,,0.0000,,,,,0.3920,0.1203,0.0124,0.6494,6.5000,-30.7200,0.5000,31.3880,,,,,,,,,,,,,,,,,,,,
22.348,21.052,TAKEOFF,pronav,0,,,,,,,96.022,,,,,,,0.0000,,,,,0.3940,0.1195,0.0131,0.6541,6.5000,-30.7200,0.5000,31.3888,,,,,,,,,,,,,,,,,,,,
22.549,21.172,TAKEOFF,pronav,0,,,,,,,96.000,,,,,,,0.0000,,,,,0.3980,0.1190,0.0137,0.6581,6.5000,-30.7200,0.5000,31.3896,,,,,,,,,,,,,,,,,,,,
22.750,21.288,TAKEOFF,pronav,0,,,,,,,95.994,,,,,,,0.0000,,,,,0.4020,0.1186,0.0143,0.6622,6.5000,-30.7200,0.5000,31.3902,,,,,,,,,,,,,,,,,,,,
22.807,21.296,CUE_WAIT,pronav,0,,,,,,,95.994,,,,,4.5000,0.0000,0.0000,0.0000,0.0000,-0.0980,95.9936,0.4020,0.1186,0.0143,0.6627,6.5000,-30.7200,0.5000,31.3903,,,,0,,,,,,,,,,,,,,,,
22.858,21.320,CUE_WAIT,pronav,0,,,,,,,95.994,,,,,4.5000,0.0000,0.0000,0.0000,0.0000,-0.0980,95.9941,0.4020,0.1185,0.0144,0.6634,6.5000,-30.7200,0.5000,31.3904,,,,0,,,,,,,,,,,,,,,,
22.909,21.352,CUE_WAIT,pronav,0,,,,,,,95.996,,,,,4.5000,0.0000,0.0000,0.0000,0.0000,-0.0970,95.9955,0.4030,0.1184,0.0146,0.6645,6.5000,-30.7200,0.5000,31.3905,,,,0,,,,,,,,,,,,,,,,
22.963,21.388,CUE_WAIT,pronav,0,,,,,,,95.997,,,,,4.5000,0.0000,0.0000,0.0000,0.0000,-0.0950,95.9972,0.4050,0.1183,0.0147,0.6657,6.5000,-30.7200,0.5000,31.3907,,,,0,,,,,,,,,,,,,,,,
23.015,21.420,CUE_WAIT,pronav,0,,,,,,,95.998,,,,,4.5000,0.0000,0.0000,0.0000,0.0000,-0.0940,95.9980,0.4060,0.1182,0.0148,0.6673,6.5000,-30.7200,0.5000,31.3908,,,,0,,,,,,,,,,,,,,,,
23.065,21.452,CUE_WAIT,pronav,0,,,,,,,95.999,,,,,4.5000,0.0000,0.0000,0.0000,0.0000,-0.0920,168.5451,0.4080,0.1181,0.0149,0.6689,6.5000,-30.7200,0.5000,31.3909,-31.1621,6.3213,0.2675,1,-31.1621,6.3213,-0.0837,-0.8015,0.0920,,,,,,,,,,,
23.120,21.484,CUE_WAIT,pronav,0,,,,,,,95.999,,,,,4.5000,0.0000,0.0000,0.0000,0.0000,-0.0900,168.6176,0.4100,0.1180,0.0150,0.6707,6.5000,-30.7200,0.5000,31.3911,,,,0,-31.1663,6.2813,-0.0837,-0.8015,,,,,,,,,,,,
23.169,21.520,CUE_WAIT,pronav,0,,,,,,,96.056,,,,,4.5000,0.0000,0.0000,0.0000,0.0000,-0.0890,168.6899,0.4110,0.1180,0.0149,0.6728,6.5000,-30.7200,0.5000,31.3910,,,,0,-31.1705,6.2412,-0.0837,-0.8015,,,,,,,,,,,,
23.220,21.552,CUE_WAIT,pronav,0,,,,,,,96.427,,,,,4.5000,0.0000,0.0000,0.0000,0.0000,-0.0860,168.7621,0.4140,0.1181,0.0142,0.6760,6.5000,-30.7200,0.5000,31.3903,,,,0,-31.1747,6.2011,-0.0837,-0.8015,,,,,,,,,,,,
23.272,21.584,CUE_WAIT,pronav,0,,,,,,,97.064,,,,,4.5000,0.0000,0.0000,0.0000,0.0000,-0.0820,168.8342,0.4180,0.1183,0.0129,0.6787,6.5000,-30.7200,0.5000,31.3890,,,,0,-31.1789,6.1610,-0.0837,-0.8015,,,,,,,,,,,,
23.324,21.616,CUE_WAIT,pronav,0,,,,,,,97.876,,,,,4.5000,0.0000,0.0000,0.0000,0.0000,-0.0800,168.6755,0.4200,0.1187,0.0108,0.6805,6.5000,-30.7200,0.5000,31.3869,-31.1473,6.3311,0.4134,1,-31.1616,6.2471,-0.4507,-0.2471,0.1520,,,,,,,,,,,
23.373,21.648,CUE_WAIT,pronav,0,,,,,,,99.093,,,,,4.5000,0.0000,0.0000,0.0000,0.0000,-0.0780,168.7049,0.4220,0.1191,0.0080,0.6813,6.5000,-30.7200,0.5000,31.3840,,,,0,-31.1841,6.2347,-0.4507,-0.2471,,,,,,,,,,,,
23.424,21.680,CUE_WAIT,pronav,0,,,,,,,100.405,,,,,4.5000,0.0000,0.0000,0.0000,0.0000,-0.0780,168.7342,0.4220,0.1197,0.0044,0.6812,6.5000,-30.7200,0.5000,31.3804,,,,0,-31.2067,6.2224,-0.4507,-0.2471,,,,,,,,,,,,
23.475,21.684,CUE_WAIT,pronav,0,,,,,,,101.037,,,,,4.5000,0.0000,0.0000,0.0000,0.0000,-0.0780,168.5939,0.4220,0.1197,0.0044,0.6812,6.5000,-30.7200,0.5000,31.3804,-31.1677,6.3582,0.3440,1,-31.1923,6.2989,0.4687,-0.3940,0.1160,,,,,,,,,,,
23.527,21.716,CUE_WAIT,pronav,0,,,,,,,102.671,,,,,4.5000,0.0000,0.0000,0.0000,0.0000,-0.0790,168.6198,0.4210,0.1204,-0.0006,0.6798,6.5000,-30.7200,0.5000,31.3754,,,,0,-31.1689,6.2792,0.4687,-0.3940,,,,,,,,,,,,
23.577,21.748,CUE_WAIT,pronav,0,,,,,,,104.811,,,,,4.5000,0.0000,0.0000,0.0000,0.0000,-0.0810,168.6457,0.4190,0.1209,-0.0059,0.6778,6.5000,-30.7200,0.5000,31.3700,,,,0,-31.1455,6.2595,0.4687,-0.3940,,,,,,,,,,,,
23.628,21.780,CUE_WAIT,pronav,0,,,,,,,106.916,,,,,4.5000,0.0000,0.0000,0.0000,0.0000,-0.0830,168.6716,0.4170,0.1213,-0.0121,0.6749,6.5000,-30.7200,0.5000,31.3639,,,,0,-31.1220,6.2398,0.4687,-0.3940,,,,,,,,,,,,
23.680,21.784,CUE_WAIT,pronav,0,,,,,,,107.884,,,,,4.5000,0.0000,0.0000,0.0000,0.0000,-0.0850,168.6982,0.4150,0.1213,-0.0121,0.6749,6.5000,-30.7200,0.5000,31.3639,,,,0,-31.0986,6.2201,0.4687,-0.3940,,,,,,,,,,,,
23.730,21.816,CUE_WAIT,pronav,0,,,,,,,110.293,,,,,4.5000,0.0000,0.0000,0.0000,0.0000,-0.0880,168.7241,0.4120,0.1216,-0.0200,0.6708,6.5000,-30.7200,0.5000,31.3561,,,,0,-31.0751,6.2004,0.4687,-0.3940,,,,,,,,,,,,
23.779,21.832,CUE_WAIT,pronav,0,,,,,,,112.142,,,,,4.5000,0.0000,0.0000,0.0000,0.0000,-0.0900,168.6914,0.4100,0.1216,-0.0229,0.6693,6.5000,-30.7200,0.5000,31.3532,-31.2406,6.2734,0.3937,1,-31.1651,6.2363,-0.1096,-0.1667,0.1480,,,,,,,,,,,
23.831,21.856,CUE_WAIT,pronav,0,,,,,,,114.093,,,,,4.5000,0.0000,0.0000,0.0000,0.0000,-0.0940,168.7081,0.4060,0.1213,-0.0311,0.6647,6.5000,-30.7200,0.5000,31.3453,,,,0,-31.1705,6.2280,-0.1096,-0.1667,,,,,,,,,,,,
23.884,21.880,DASH,pronav,0,,,,,,,116.139,,,,,4.5000,0.0000,0.0000,0.0000,0.0000,-0.0970,168.5334,0.4030,0.1210,-0.0365,0.6617,6.5000,-30.7200,0.5000,31.3400,-31.2012,6.4041,0.3098,1,-31.1911,6.3303,-1.2264,-0.3251,0.1080,,,,,,,,,,,
23.934,21.916,DASH,pronav,0,,,,,,,120.489,,,,,4.5000,0.0000,0.0000,-15.7849,2.6150,-0.1050,168.5824,0.3950,0.1199,-0.0458,0.6571,6.5000,-30.7200,0.5000,31.3311,,,,0,-31.2524,6.3140,-1.2264,-0.3251,,,,,,,,,,,,
23.983,21.948,DASH,pronav,0,,,,,,,124.169,,,,,4.5000,0.0000,0.0000,-15.7869,2.6025,-0.1120,168.6313,0.3880,0.1181,-0.0569,0.6526,6.5000,-30.7200,0.5000,31.3206,,,,0,-31.3138,6.2978,-1.2264,-0.3251,,,,,,,,,,,,
24.035,21.968,DASH,pronav,0,,,,,,,126.526,,,,,4.5000,0.0000,0.0000,-15.7890,2.5901,-0.1150,168.6798,0.3850,0.1173,-0.0607,0.6508,6.5000,-30.7200,0.5000,31.3170,,,,0,-31.3751,6.2815,-1.2264,-0.3251,,,,,,,,,,,,
24.086,21.980,DASH,pronav,0,,,,,,,127.473,,,,,4.5000,0.0000,0.0000,-15.7911,2.5773,-0.1150,168.7299,0.3850,0.1158,-0.0670,0.6463,6.5000,-30.7200,0.5000,31.3111,,,,0,-31.4364,6.2653,-1.2264,-0.3251,,,,,,,,,,,,
24.136,21.980,DASH,pronav,0,,,,,,,127.473,,,,,4.5000,0.0000,0.0000,-15.7931,2.5645,-0.1150,168.7798,0.3850,0.1158,-0.0670,0.6463,6.5000,-30.7200,0.5000,31.3111,,,,0,-31.4977,6.2490,-1.2264,-0.3251,,,,,,,,,,,,
24.186,22.012,DASH,pronav,0,,,,,,,132.148,,,,,4.5000,0.0000,0.0000,-15.5046,3.9506,-0.1220,168.6446,0.3780,0.1129,-0.0772,0.6373,6.5000,-30.7200,0.5000,31.3016,-31.0946,6.3141,0.3254,1,-31.2803,6.2816,0.2447,0.7878,0.1400,,,,,,,,,,,
24.237,22.024,DASH,pronav,0,,,,,,,132.148,,,,,4.5000,0.0000,0.0000,-15.4995,3.9707,-0.1220,168.5709,0.3780,0.1117,-0.0812,0.6345,6.5000,-30.7200,0.5000,31.2979,,,,0,-31.2681,6.3210,0.2447,0.7878,,,,,,,,,,,,
24.289,22.048,DASH,pronav,0,,,,,,,135.813,,,,,4.5000,0.0000,0.0000,-15.4942,3.9912,-0.1250,168.4954,0.3750,0.1097,-0.0883,0.6308,6.5000,-30.7200,0.5000,31.2914,,,,0,-31.2559,6.3603,0.2447,0.7878,,,,,,,,,,,,
24.340,22.080,DASH,pronav,0,,,,,,,138.924,,,,,4.5000,0.0000,0.0000,-15.6381,3.3837,-0.1240,168.4388,0.3760,0.1062,-0.1028,0.6282,6.4280,-30.4320,0.5000,30.9814,-31.0937,6.3513,0.3258,1,-31.1536,6.3707,0.7544,0.0304,0.1160,,,,,,,,,,,
24.390,22.096,DASH,pronav,0,,,,,,,141.083,,,,,4.5000,0.0000,0.0000,-15.6371,3.3884,-0.1200,168.4224,0.3800,0.1051,-0.1083,0.6286,6.4280,-30.4320,0.5000,30.9762,,,,0,-31.1159,6.3722,0.7544,0.0304,,,,,,,,,,,,
24.447,22.112,DASH,pronav,0,,,,,,,143.210,,,,,4.5000,0.0000,0.0000,-15.6360,3.3936,-0.1160,168.4042,0.3840,0.1035,-0.1184,0.6308,6.4280,-30.4320,0.5000,30.9666,,,,0,-31.0782,6.3737,0.7544,0.0304,,,,,,,,,,,,
24.499,22.112,DASH,pronav,0,,,,,,,143.210,,,,,4.5000,0.0000,0.0000,-15.6350,3.3982,-0.1160,168.3878,0.3840,0.1035,-0.1184,0.6308,6.4280,-30.4320,0.5000,30.9666,,,,0,-31.0405,6.3752,0.7544,0.0304,,,,,,,,,,,,
24.547,22.144,DASH,pronav,0,,,,,,,146.562,,,,,4.5000,0.0000,0.0000,-15.6339,3.4033,-0.0990,168.3700,0.4010,0.1017,-0.1377,0.6380,6.2845,-29.8560,0.5000,30.3550,,,,0,-31.0028,6.3767,0.7544,0.0304,,,,,,,,,,,,
24.598,22.168,DASH,pronav,0,,,,,,,148.629,,,,,4.5000,0.0000,0.0000,-15.6328,3.4084,-0.0850,168.3523,0.4150,0.1010,-0.1611,0.6487,6.2131,-29.5680,0.5000,30.0358,,,,0,-30.9651,6.3783,0.7544,0.0304,,,,,,,,,,,,
24.649,22.180,DASH,pronav,0,,,,,,,149.450,,,,,4.5000,0.0000,0.0000,-15.6317,3.4131,-0.0850,168.3357,0.4150,0.1010,-0.1611,0.6487,6.2131,-29.5680,0.5000,30.0358,,,,0,-30.9273,6.3798,0.7544,0.0304,,,,,,,,,,,,
24.703,22.212,DASH,pronav,0,,,,,,,153.502,,,,,4.5000,0.0000,0.0000,-15.6306,3.4181,-0.0580,168.3183,0.4420,0.1020,-0.1931,0.6639,6.0717,-28.9920,0.5000,29.4116,,,,0,-30.8896,6.3813,0.7544,0.0304,,,,,,,,,,,,
24.755,22.240,DASH,pronav,0,,,,,,,155.498,,,,,4.5000,0.0000,0.0000,-15.7699,2.7035,-0.0460,168.4814,0.4540,0.1047,-0.2272,0.6795,6.0018,-28.7040,0.5000,29.0815,-31.2129,6.2885,0.2601,1,-31.0685,6.3262,-0.1171,-0.4864,0.1720,,,,,,,,,,,
24.804,22.260,DASH,pronav,0,,,,,,,157.491,,,,,4.5000,0.0000,0.0000,-15.7721,2.6910,-0.0260,168.5268,0.4740,0.1063,-0.2415,0.6856,5.9327,-28.4160,0.5000,28.7713,,,,0,-31.0744,6.3019,-0.1171,-0.4864,,,,,,,,,,,,
24.855,22.280,DASH,pronav,0,,,,,,,159.494,,,,,4.5000,0.0000,0.0000,-15.7742,2.6785,-0.0130,168.5725,0.4870,0.1094,-0.2672,0.6962,5.8644,-28.1280,0.5000,28.4497,,,,0,-31.0802,6.2776,-0.1171,-0.4864,,,,,,,,,,,,
24.911,22.312,DASH,pronav,0,,,,,,,163.589,,,,,4.5000,0.0000,0.0000,-15.7764,2.6656,0.0210,168.6194,0.5210,0.1163,-0.3136,0.7136,5.7969,-27.8400,0.5000,28.1072,,,,0,-31.0861,6.2532,-0.1171,-0.4864,,,,,,,,,,,,
24.960,22.344,DASH,pronav,0,,,,,,,166.869,,,,,4.5000,0.0000,0.0000,-15.8564,2.1388,0.0540,168.6940,0.5540,0.1269,-0.3744,0.7336,5.6652,-27.2640,0.5000,27.4550,-29.9839,5.9822,0.2964,1,-30.4271,6.0809,5.4921,-2.1294,0.1760,,,,,,,,,,,
25.007,22.368,DASH,pronav,0,,,,,,,168.903,,,,,4.5000,0.0000,0.0000,-15.8614,2.1016,0.0730,168.7925,0.5730,0.1391,-0.4366,0.7513,5.6010,-26.9760,0.5000,27.0968,,,,0,-30.1525,5.9744,5.4921,-2.1294,,,,,,,,,,,,
25.056,22.384,DASH,pronav,0,,,,,,,170.915,,,,,4.5000,0.0000,0.0000,-15.8662,2.0649,0.0860,168.8898,0.5860,0.1443,-0.4620,0.7578,5.5382,-26.6880,0.5000,26.7762,,,,0,-29.8779,5.8680,5.4921,-2.1294,,,,,,,,,,,,
25.108,22.408,DASH,pronav,0,,,,,,,172.901,,,,,4.5000,0.0000,0.0000,-15.8713,2.0257,0.1040,168.9935,0.6040,0.1538,-0.5069,0.7685,5.5382,-26.6880,0.5000,26.7304,,,,0,-29.6033,5.7615,5.4921,-2.1294,,,,,,,,,,,,
25.159,22.444,DASH,pronav,0,,,,,,,176.722,,,,,4.5000,0.0000,0.0000,-15.7079,3.0435,0.1320,168.8877,0.6320,0.1712,-0.5856,0.7849,5.4766,-26.4000,0.5000,26.3555,-28.4982,5.6773,0.2750,1,-28.8304,5.6684,10.6873,-2.1409,0.1760,,,,,,,,,,,
25.211,22.476,DASH,pronav,0,,,,,,,179.232,,,,,4.5000,0.0000,0.0000,-15.7088,3.0386,0.1420,168.8984,0.6420,0.1940,-0.6845,0.8020,5.3581,-25.8240,0.5000,25.6662,,,,0,-28.2960,5.5613,10.6873,-2.1409,,,,,,,,,,,,
25.262,22.496,DASH,pronav,0,,,,,,,-179.081,,,,,4.5000,0.0000,0.0000,-15.7092,3.0365,0.1560,168.9029,0.6560,0.2023,-0.7200,0.8073,5.3012,-25.5360,0.5000,25.3363,,,,0,-27.7617,5.4543,10.6873,-2.1409,,,,,,,,,,,,
25.313,22.508,DASH,pronav,0,,,,,,,-178.119,,,,,4.5000,0.0000,0.0000,-15.7440,2.8506,0.1650,168.8068,0.6650,0.2171,-0.7819,0.8157,5.2460,-25.2480,0.5000,24.9796,-27.6687,5.5233,0.3358,1,-27.4922,5.4529,9.3568,-2.1164,0.1440,,,,,,,,,,,
25.369,22.540,DASH,pronav,0,,,,,,,-176.010,,,,,4.5000,0.0000,0.0000,-15.7470,2.8342,0.1770,168.8440,0.6770,0.2429,-0.8884,0.8278,5.2460,-25.2480,0.5000,24.8703,,,,0,-27.0243,5.3471,9.3568,-2.1164,,,,,,,,,,,,
25.420,22.576,DASH,pronav,0,,,,,,,-173.396,,,,,4.5000,0.0000,0.0000,-15.7502,2.8165,0.1940,168.8844,0.6940,0.2715,-1.0041,0.8381,5.1495,-24.7200,0.5000,24.2147,,,,0,-26.5565,5.2412,9.3568,-2.1164,,,,,,,,,,,,
25.470,22.576,DASH,pronav,0,,,,,,,-173.396,,,,,4.5000,0.0000,0.0000,-15.6025,3.5442,0.1940,168.9037,0.6940,0.2715,-1.0041,0.8381,5.1495,-24.7200,0.5000,24.2147,-26.2238,5.1705,0.3273,1,-26.1698,5.1565,11.6808,-1.8067,0.1120,,,,,,,,,,,
25.520,22.600,DASH,pronav,0,,,,,,,-172.278,,,,,4.5000,0.0000,0.0000,-15.5966,3.5700,0.1990,168.8493,0.6990,0.3069,-1.1456,0.8475,5.0996,-24.4320,0.5000,23.7770,,,,0,-25.5857,5.0661,11.6808,-1.8067,,,,,,,,,,,,
25.571,22.616,DASH,pronav,0,,,,,,,-171.293,,,,,4.5000,0.0000,0.0000,-15.5919,3.5906,0.2060,168.8056,0.7060,0.3196,-1.1954,0.8501,5.0057,-23.8560,0.5000,23.1427,,,,0,-25.0017,4.9758,11.6808,-1.8067,,,,,,,,,,,,
25.622,22.640,DASH,pronav,0,,,,,,,-170.447,,,,,4.5000,0.0000,0.0000,-15.5871,3.6116,0.2100,168.7613,0.7100,0.3415,-1.2813,0.8538,5.0057,-23.8560,0.5000,23.0542,,,,0,-24.4176,4.8855,11.6808,-1.8067,,,,,,,,,,,,
25.675,22.672,DASH,pronav,0,,,,,,,-169.168,,,,,4.5000,0.0000,0.0000,-15.5821,3.6329,0.2160,168.7163,0.7160,0.3791,-1.4265,0.8583,4.9620,-23.5680,0.5000,22.6137,,,,0,-23.8336,4.7951,11.6808,-1.8067,,,,,,,,,,,,
25.725,22.704,DASH,pronav,0,,,,,,,-168.542,,,,,4.5000,0.0000,0.0000,-15.5778,3.6514,0.2170,168.6770,0.7170,0.4196,-1.5810,0.8607,4.8811,-22.9920,0.5000,21.8738,,,,0,-23.2495,4.7048,11.6808,-1.8067,,,,,,,,,,,,
25.776,22.728,DASH,pronav,0,,,,,,,-168.324,,,,,4.5000,0.0000,0.0000,-15.5700,3.6845,0.2150,168.6071,0.7150,0.4410,-1.6618,0.8613,4.8440,-22.7040,0.5000,21.5010,,,,0,-22.6655,4.6144,11.6808,-1.8067,,,,,,,,,,,,
25.828,22.744,DASH,pronav,0,,,,,,,-168.275,,,,,4.5000,0.0000,0.0000,-15.8142,2.4312,0.2150,168.7767,0.7150,0.4688,-1.7659,0.8612,4.8093,-22.4160,0.5000,21.1044,-25.1421,4.9988,0.2963,1,-23.9178,4.8089,11.4797,-2.9847,0.1760,,,,,,,,,,,
25.880,22.772,DASH,pronav,0,,,,,,,-168.321,,,,,4.5000,0.0000,0.0000,-15.8232,2.3721,0.2090,168.8998,0.7090,0.5159,-1.9400,0.8597,4.7771,-22.1280,0.5000,20.6359,,,,0,-23.3438,4.6597,11.4797,-2.9847,,,,,,,,,,,,
25.933,22.804,DASH,pronav,0,,,,,,,-168.689,,,,,4.5000,0.0000,0.0000,-15.5726,3.6736,0.1990,168.9517,0.6990,0.5661,-2.1230,0.8565,4.7472,-21.8400,0.5000,20.1586,-23.9963,4.8028,0.3254,1,-23.5057,4.6859,12.0245,-1.7149,0.1360,,,,,,,,,,,
25.980,22.832,DASH,pronav,0,,,,,,,-169.049,,,,,4.5000,0.0000,0.0000,-15.5629,3.7141,0.1930,168.8669,0.6930,0.6194,-2.3147,0.8515,4.7199,-21.5520,0.5000,19.6726,,,,0,-22.9045,4.6001,12.0245,-1.7149,,,,,,,,,,,,
26.032,22.856,DASH,pronav,0,,,,,,,-169.714,,,,,4.5000,0.0000,0.0000,-15.5246,3.8713,0.1840,168.8110,0.6840,0.6472,-2.4138,0.8485,4.6951,-21.2640,0.5000,19.2830,-22.5860,4.5764,0.2953,1,-22.4729,4.5516,13.1539,-1.8015,0.0880,,,,,,,,,,,
26.083,22.872,DASH,pronav,0,,,,,,,-170.305,,,,,4.5000,0.0000,0.0000,-15.5167,3.9030,0.1770,168.7471,0.6770,0.6830,-2.5409,0.8443,4.6728,-20.9760,0.5000,18.8651,,,,0,-21.8152,4.4615,13.1539,-1.8015,,,,,,,,,,,,
26.133,22.904,DASH,pronav,0,,,,,,,-171.415,,,,,4.5000,0.0000,0.0000,-15.5105,3.9273,0.1580,168.6978,0.6580,0.7427,-2.7513,0.8370,4.6532,-20.6880,0.5000,18.3611,,,,0,-21.1575,4.3715,13.1539,-1.8015,,,,,,,,,,,,
26.184,22.936,DASH,pronav,0,,,,,,,-172.518,,,,,4.5000,0.0000,0.0000,-15.5024,3.9591,0.1460,168.6336,0.6460,0.8053,-2.9705,0.8293,4.6361,-20.4000,0.5000,17.8486,,,,0,-20.4998,4.2814,13.1539,-1.8015,,,,,,,,,,,,
26.234,22.956,DASH,pronav,0,,,,,,,-173.363,,,,,4.5000,0.0000,0.0000,-15.4845,4.0286,0.1370,168.4932,0.6370,0.8295,-3.0550,0.8263,4.6218,-20.1120,0.5000,17.4765,,,,0,-19.8421,4.1913,13.1539,-1.8015,,,,,,,,,,,,
26.285,22.976,DASH,pronav,0,,,,,,,-174.243,,,,,4.5000,0.0000,0.0000,-15.4746,4.0665,0.1240,168.4166,0.6240,0.9046,-3.3159,0.8178,4.6010,-19.5360,0.5000,16.6390,,,,0,-19.1844,4.1012,13.1539,-1.8015,,,,,,,,,,,,
26.342,23.004,DASH,pronav,0,,,,,,,-175.697,,,,,4.5000,0.0000,0.0000,-15.3780,4.4179,0.1020,168.5255,0.6020,0.9478,-3.4657,0.8134,4.6010,-19.5360,0.5000,16.4833,-21.4002,4.5103,0.3047,1,-20.2508,4.3106,12.1676,-1.1736,0.1400,,,,,,,,,,,
26.393,23.012,DASH,pronav,0,,,,,,,-175.697,,,,,4.5000,0.0000,0.0000,-15.3469,4.5245,0.1020,168.2997,0.6020,0.9743,-3.5572,0.8110,4.5947,-19.2480,0.5000,16.1061,,,,0,-19.6424,4.2520,12.1676,-1.1736,,,,,,,,,,,,
26.442,23.036,DASH,pronav,0,,,,,,,-176.988,,,,,4.5000,0.0000,0.0000,-15.3246,4.5995,0.0940,168.1408,0.5940,1.0193,-3.7125,0.8073,4.5911,-18.9600,0.5000,15.6633,,,,0,-19.0340,4.1933,12.1676,-1.1736,,,,,,,,,,,,
26.492,23.056,DASH,pronav,0,,,,,,,-177.913,,,,,4.5000,0.0000,0.0000,-15.2867,4.7242,0.0820,167.8759,0.5820,1.0468,-3.8073,0.8053,4.5901,-18.7200,0.5000,15.3309,,,,0,-18.4256,4.1346,12.1676,-1.1736,,,,,,,,,,,,
26.543,23.068,DASH,pronav,1,-2.6573,-13.4324,15.4984,15.4984,0.8035,-0.16980,-178.470,-188.199,0.000,15.4984,0.0000,4.5000,0.0000,0.0000,-15.7445,2.8480,0.0740,171.8012,0.5740,1.0935,-3.9681,0.8026,4.5901,-18.7200,0.5000,15.1637,,,,0,-18.9833,3.6461,10.2621,-1.8760,,,,,,,,,,,,drone
26.601,23.104,DASH,pronav,1,-2.6209,-12.9605,15.5507,15.5507,0.8035,-0.16697,179.715,-189.025,-8.913,15.5246,0.4236,4.5000,-3.4999,0.0000,-15.6669,3.2476,0.0580,170.9746,0.5580,1.1704,-4.2322,0.7997,4.5956,-18.1440,0.5000,14.3303,,,,0,-19.4574,3.7738,4.3484,-0.5491,,,,,,,,,,,,track
26.650,23.136,DASH,pronav,1,-2.5345,-12.3845,15.5507,15.5507,0.8035,-0.16156,178.504,-190.112,-16.467,15.5482,0.4679,4.5000,-6.4667,0.0000,-15.5496,3.7696,0.0500,169.8881,0.5500,1.2601,-4.5395,0.7987,4.6023,-17.8560,0.5000,13.7328,,,,0,-19.9247,4.0514,-0.1356,1.4483,,,,,,,,,,,,track
26.701,23.168,DASH,pronav,1,-2.3617,-11.8948,15.5507,15.5507,0.8035,-0.15072,177.183,-191.194,-19.524,15.5612,0.2826,4.5000,-7.6670,0.0000,-15.4156,4.2849,0.0390,168.8063,0.5390,1.3424,-4.8217,0.8004,4.6118,-17.5680,0.5000,13.1623,,,,0,-20.3705,4.3716,-3.0207,3.0768,,,,,,,,,,,,track
26.752,23.188,DASH,pronav,1,-2.2203,-11.2411,15.0795,15.0795,0.8035,-0.14619,176.394,-192.076,-18.413,15.3274,-4.1162,4.5000,-7.2307,0.0000,-15.2936,4.7015,0.0360,167.9241,0.5360,1.3739,-4.9298,0.8018,4.6240,-17.2800,0.5000,12.7742,,,,0,-20.3124,4.5580,-1.6463,3.2911,,,,,,,,,,,,track
26.803,23.208,DASH,pronav,1,-2.2203,-11.2411,15.0795,15.0795,0.8035,-0.14619,175.638,-192.997,-18.413,15.1216,-4.1162,4.5000,-7.2307,0.0000,-15.1545,5.1325,0.0340,167.0034,0.5340,1.4594,-5.2240,0.8075,4.6388,-16.9920,0.5000,12.1938,,,,0,-20.3947,4.7226,-1.6463,3.2911,,,,,,,,,,,,track
26.854,23.236,DASH,pronav,1,-2.2203,-10.9898,15.0795,15.0795,0.8035,-0.14619,174.638,-193.828,-17.885,14.9977,-3.3906,4.5000,-7.0232,0.0000,-15.0184,5.5179,0.0340,166.1722,0.5340,1.5138,-5.4121,0.8123,4.6388,-16.9920,0.5000,11.9982,,,,0,-20.6310,5.0929,-2.1519,3.9665,,,,,,,,,,,,track
26.904,23.268,DASH,pronav,1,-2.4769,-11.1460,15.5507,15.5507,0.8035,-0.15795,173.575,-195.099,-22.306,15.1894,2.9731,4.5000,-8.7597,0.0000,-14.7916,6.0999,0.0360,164.9014,0.5360,1.6136,-5.7590,0.8234,4.6990,-16.1280,0.5000,10.8232,,,,0,-21.1460,5.6572,-4.8095,6.3541,,,,,,,,,,,,track
26.955,23.296,DASH,pronav,1,-2.5122,-11.4015,16.0524,16.0524,0.8035,-0.15524,172.709,-196.200,-22.139,15.6952,9.2488,4.5000,-8.6941,0.0000,-13.0787,9.2167,0.0400,163.8003,0.5400,1.7042,-6.0762,0.8358,4.7243,-15.8400,0.5000,10.2257,,,,0,-21.6627,6.1259,-6.6069,7.3365,,,,,,,,,,,,track
27.006,23.316,DASH,pronav,1,-2.5122,-11.4015,16.0524,16.0524,0.8035,-0.15524,172.120,-197.307,-22.139,16.1577,9.2488,4.5000,-8.6941,0.0000,-12.9993,9.3283,0.0440,162.6933,0.5440,1.7387,-6.1973,0.8411,4.7520,-15.5520,0.5000,9.8340,,,,0,-21.9930,6.4927,-6.6069,7.3365,,,,,,,,,,,,track
27.059,23.332,DASH,pronav,1,-2.5122,-11.4015,16.0524,16.0524,0.8035,-0.15524,171.554,-198.414,-22.139,16.6201,9.2488,4.5000,-8.6941,0.0000,-13.8313,8.0433,0.0510,161.5864,0.5510,1.7970,-6.4017,0.8507,4.7520,-15.5520,0.5000,9.6220,-17.9957,4.4467,0.3180,1,-19.7268,5.4118,10.9830,-0.2178,0.1640,,,,,,,,,,,track
27.110,23.368,DASH,pronav,1,-1.3825,-6.5337,8.8861,8.8861,0.3387,-0.15434,170.661,-198.851,-19.546,12.9843,-14.5586,14.5586,-24.8329,0.0000,-13.7277,8.2189,0.0650,161.1490,0.5650,1.8921,-6.7350,0.8674,4.7823,-15.2640,0.5000,9.0129,,,,0,-17.3024,5.0843,23.0764,-2.2596,,,,,,,,,,,,track
27.387,23.492,ENGAGE,pronav,1,-1.4520,-6.8253,9.3891,9.3891,0.3387,-0.15343,169.896,-199.362,-14.015,10.8228,-40.0449,40.0449,-48.9761,0.0000,-13.6040,8.4221,0.0710,160.6384,0.5710,2.3241,-8.1793,0.9524,5.0132,-13.5360,0.5000,6.0108,,,,0,-16.3552,5.0731,21.7161,-1.5892,,,,,,,,,,,,track
27.389,23.496,ENGAGE,pronav,1,-1.0989,-6.4869,9.5697,9.5697,0.3387,-0.11433,167.927,-199.343,-12.117,9.1951,-38.5626,38.5626,-40.7765,-2.0388,-7.8167,4.9047,0.1260,161.3765,0.6260,2.3241,-8.1793,0.9524,5.0132,-13.5360,0.5000,6.0108,,,,0,-16.8078,5.2996,19.4613,-1.1408,,,,,,,,,,,,track
27.439,23.500,ENGAGE,pronav,1,-0.9216,-6.2919,9.5697,9.5697,0.3387,-0.09601,167.097,-199.176,-2.904,8.4183,-17.9636,17.9636,-4.5531,-2.2665,-7.7561,5.0970,0.1260,161.5960,0.6260,2.3241,-8.1793,0.9524,5.0132,-13.5360,0.5000,6.0108,,,,0,-17.3379,5.4722,9.5012,0.3808,,,,,,,,,,,,track
27.492,23.532,ENGAGE,pronav,1,-0.8330,-6.0261,9.5697,9.5697,0.3387,-0.08683,165.864,-199.216,-1.702,8.5449,-0.4213,4.5000,-0.6683,-2.2999,-7.7416,5.1340,0.1490,160.8891,0.6490,2.4415,-8.5425,0.9748,5.0595,-13.2480,0.5000,5.4057,,,,0,-17.9660,5.7176,2.5069,1.8162,,,,,,,,,,,,track
27.542,23.564,ENGAGE,pronav,1,-0.8685,-5.7602,9.5697,9.5697,0.3387,-0.09050,163.926,-200.281,-13.226,9.0468,8.8097,4.5000,-5.1937,-2.5596,-7.5549,5.5205,0.1720,158.7403,0.6720,2.5822,-8.9567,1.0029,5.1495,-12.7200,0.5000,4.5833,,,,0,-18.5237,6.1290,-1.9592,3.9119,,,,,,,,,,,,track
27.593,23.596,ENGAGE,pronav,1,-0.8685,-5.7602,9.5697,9.5697,0.3387,-0.09050,161.258,-200.942,-13.226,9.4873,8.8097,4.5000,-5.1937,-2.8193,-7.3978,5.8498,0.1810,156.0726,0.6810,2.7157,-9.3287,1.0318,5.2014,-12.4320,0.5000,4.0115,,,,0,-18.6217,6.3246,-1.9592,3.9119,,,,,,,,,,,,track
27.643,23.608,ENGAGE,pronav,1,-1.5065,-5.6184,9.5697,9.5697,0.3387,-0.15614,160.067,-205.241,-34.808,9.7487,7.2168,4.5000,-13.6689,-3.5027,-6.6470,7.0062,0.1930,151.1202,0.6930,2.7673,-9.4684,1.0431,5.2551,-12.1440,0.5000,3.6936,,,,0,-18.7935,7.1908,-2.2026,6.1219,,,,,,,,,,,,track
27.694,23.632,ENGAGE,pronav,1,-1.9539,-4.9400,9.9525,9.9525,0.3387,-0.19385,157.359,-210.365,-74.641,10.0310,5.8296,4.5000,-29.3113,-4.9683,-5.2539,8.8363,0.2020,146.2522,0.7020,2.8548,-9.7011,1.0622,5.2551,-12.1440,0.5000,3.4706,,,,0,-19.0460,8.2154,-3.1339,10.8219,,,,,,,,,,,,track
27.748,23.664,ENGAGE,pronav,1,-2.0884,-4.8533,10.5877,10.5877,0.3387,-0.19475,154.536,-215.359,-89.519,10.4551,8.1742,4.5000,-35.1541,-6.7260,-3.4475,10.6936,0.2220,143.3783,0.7220,3.0164,-10.1184,1.0972,5.3677,-11.5680,0.5000,2.8261,,,,0,-19.5394,9.2847,-5.3381,14.2800,,,,,,,,,,,,track
27.797,23.696,ENGAGE,pronav,0,,,,,,,152.429,-219.835,-89.519,10.8638,8.1742,4.5000,-35.1541,-6.7260,0.0000,0.0000,0.0000,152.4291,0.7350,3.1635,-10.4865,1.1281,5.4868,-10.9920,0.5000,2.4592,,,,0,-19.8063,9.9987,-5.3381,14.2800,,,,,,,,,,,,
27.847,23.716,ENGAGE,pronav,0,,,,,,,151.132,-224.311,-89.519,11.2725,8.1742,4.5000,-35.1541,-6.7260,0.0000,0.0000,0.0000,151.1321,0.7440,3.2195,-10.6238,1.1394,5.4868,-10.9920,0.5000,2.3844,,,,0,-20.0732,10.7127,-5.3381,14.2800,,,,,,,,,,,,
27.897,23.728,ENGAGE,pronav,0,,,,,,,150.432,-228.787,-89.519,11.6812,8.1742,4.5000,-35.1541,-6.7260,0.0000,0.0000,0.0000,150.4325,0.7590,3.3135,-10.8513,1.1577,5.5485,-10.7040,0.5000,2.3345,,,,0,-20.3401,11.4267,-5.3381,14.2800,,,,,,,,,,,,
27.947,23.764,ENGAGE,pronav,0,,,,,,,147.843,-233.263,-89.519,12.0900,8.1742,4.5000,-35.1541,-6.7260,0.0000,0.0000,0.0000,147.8434,0.7680,3.4672,-11.2114,1.1877,5.6116,-10.4160,0.5000,2.3883,,,,0,-20.6070,12.1407,-5.3381,14.2800,,,,,,,,,,,,
28.000,23.772,ENGAGE,pronav,0,,,,,,,147.843,-237.739,-89.519,12.4987,8.1742,4.5000,-35.1541,-6.7260,0.0000,0.0000,0.0000,147.8434,0.7830,3.5457,-11.3889,1.2035,5.6760,-10.1280,0.5000,2.5735,,,,0,-20.8739,12.8547,-5.3381,14.2800,,,,,,,,,,,,
28.050,23.796,ENGAGE,pronav,0,,,,,,,145.543,-242.215,-89.519,12.9074,8.1742,4.5000,-35.1541,-6.7260,0.0000,0.0000,0.0000,145.5429,0.7930,3.6447,-11.6084,1.2234,5.6760,-10.1280,0.5000,2.6155,,,,0,-21.1408,13.5687,-5.3381,14.2800,,,,,,,,,,,,
28.100,23.828,ENGAGE,pronav,0,,,,,,,143.007,-246.691,-89.519,13.3161,8.1742,4.5000,-35.1541,-6.7260,0.0000,0.0000,0.0000,143.0073,0.8190,3.8045,-11.9540,1.2545,5.8081,-9.5520,0.5000,3.2177,,,,0,-21.4077,14.2827,-5.3381,14.2800,,,,,,,,,,,,
28.150,23.832,ENGAGE,pronav,0,,,,,,,142.423,-251.167,-89.519,13.7248,8.1742,4.5000,-35.1541,-6.7260,0.0000,0.0000,0.0000,142.4228,0.8190,3.8646,-12.0818,1.2659,5.8757,-9.2640,0.5000,3.5455,,,,0,-21.6746,14.9967,-5.3381,14.2800,,,,,,,,,,,,
28.200,23.860,ENGAGE,pronav,0,,,,,,,141.065,-255.643,-89.519,14.1335,8.1742,4.5000,-35.1541,-6.7260,0.0000,0.0000,0.0000,141.0646,0.8340,3.9649,-12.2923,1.2845,5.8757,-9.2640,0.5000,3.6657,,,,0,-21.9415,15.7107,-5.3381,14.2800,,,,,,,,,,,,
28.257,23.888,ENGAGE,pronav,0,,,,,,,139.223,-260.119,-89.519,14.5422,8.1742,4.5000,-35.1541,-6.7260,0.0000,0.0000,0.0000,139.2232,0.8610,4.1251,-12.6229,1.3131,6.0134,-8.6880,0.5000,4.4396,,,,0,-22.2084,16.4247,-5.3381,14.2800,,,,,,,,,,,,
28.303,23.896,ENGAGE,pronav,0,,,,,,,138.831,-264.595,-89.519,14.9509,8.1742,4.5000,-35.1541,-6.7260,0.0000,0.0000,0.0000,138.8309,0.8610,4.1850,-12.7448,1.3235,6.0134,-8.6880,0.5000,4.5254,,,,0,-22.4753,17.1387,-5.3381,14.2800,,,,,,,,,,,,
28.353,23.900,ENGAGE,pronav,0,,,,,,,138.831,-269.071,-89.519,15.3596,8.1742,4.5000,-35.1541,-6.7260,0.0000,0.0000,0.0000,138.8309,0.8610,4.1850,-12.7448,1.3235,6.0134,-8.6880,0.5000,4.5254,,,,0,-22.7422,17.8527,-5.3381,14.2800,,,,,,,,,,,,
28.403,23.928,ENGAGE,pronav,0,,,,,,,137.536,-273.547,-89.519,15.7683,8.1742,4.5000,-35.1541,-6.7260,0.0000,0.0000,0.0000,137.5362,0.8890,4.3043,-12.9851,1.3436,6.0834,-8.4000,0.5000,4.9900,,,,0,-23.0091,18.5667,-5.3381,14.2800,,,,,,,,,,,,
28.454,23.952,ENGAGE,pronav,0,,,,,,,136.748,-278.023,-89.519,16.1771,8.1742,4.5000,-35.1541,-6.7260,0.0000,0.0000,0.0000,136.7483,0.9010,4.4620,-13.2976,1.3695,6.1539,-8.1120,0.5000,5.5235,,,,0,-23.2760,19.2807,-5.3381,14.2800,,,,,,,,,,,,
28.504,23.960,ENGAGE,pronav,0,,,,,,,136.748,-282.499,-89.519,16.5858,8.1742,4.5000,-35.1541,-6.7260,0.0000,0.0000,0.0000,136.7483,0.9010,4.4620,-13.2976,1.3695,6.1539,-8.1120,0.5000,5.5235,,,,0,-23.5429,19.9947,-5.3381,14.2800,,,,,,,,,,,,
28.554,23.992,ENGAGE,pronav,0,,,,,,,136.126,-286.975,-89.519,16.9945,8.1742,4.5000,-35.1541,-6.7260,0.0000,0.0000,0.0000,136.1261,0.9310,4.6175,-13.6007,1.3945,6.2964,-7.5360,0.5000,6.3561,,,,0,-23.8098,20.7087,-5.3381,14.2800,,,,,,,,,,,,
28.606,24.012,ENGAGE,pronav,0,,,,,,,136.040,-291.451,-89.519,17.4032,8.1742,4.5000,-35.1541,-6.7260,0.0000,0.0000,0.0000,136.0401,0.9490,4.6751,-13.7118,1.4037,6.3681,-7.2480,0.5000,6.7427,,,,0,-24.0767,21.4227,-5.3381,14.2800,,,,,,,,,,,,
28.657,24.028,ENGAGE,pronav,0,,,,,,,135.986,-295.927,-89.519,17.8119,8.1742,4.5000,-35.1541,-6.7260,0.0000,0.0000,0.0000,135.9861,0.9630,4.7702,-13.8937,1.4189,6.3681,-7.2480,0.5000,6.8966,,,,0,-24.3436,22.1367,-5.3381,14.2800,,,,,,,,,,,,
28.707,24.060,ENGAGE,pronav,0,,,,,,,136.075,-300.403,-89.519,18.2206,8.1742,4.5000,-35.1541,-6.7260,0.0000,0.0000,0.0000,136.0753,0.9830,4.9379,-14.2104,1.4458,6.5000,-6.7200,0.5000,7.7098,,,,0,-24.6105,22.8507,-5.3381,14.2800,,,,,,,,,,,,
28.758,24.088,ENGAGE,pronav,0,,,,,,,136.364,-304.878,-89.519,18.6293,8.1742,4.5000,-35.1541,-6.7260,0.0000,0.0000,0.0000,136.3644,1.0190,5.0828,-14.4800,1.4694,6.5720,-6.4320,0.5000,8.2419,,,,0,-24.8774,23.5647,-5.3381,14.2800,,,,,,,,,,,,
28.808,24.112,ENGAGE,pronav,0,,,,,,,136.626,-309.354,-89.519,19.0380,8.1742,4.5000,-35.1541,-6.7260,0.0000,0.0000,0.0000,136.6260,1.0340,5.1360,-14.5783,1.4781,6.6439,-6.1440,0.5000,8.6236,,,,0,-25.1443,24.2787,-5.3381,14.2800,,,,,,,,,,,,
28.859,24.132,ENGAGE,pronav,0,,,,,,,136.931,-313.830,-89.519,19.4467,8.1742,4.5000,-35.1541,-6.7260,0.0000,0.0000,0.0000,136.9308,1.0570,5.2749,-14.8326,1.5006,6.7155,-5.8560,0.5000,9.1463,,,,0,-25.4113,24.9927,-5.3381,14.2800,,,,,,,,,,,,
28.909,24.160,ENGAGE,pronav,0,,,,,,,137.426,-318.306,-89.519,19.8554,8.1742,4.5000,-35.1541,-6.7260,0.0000,0.0000,0.0000,137.4259,1.0720,5.3594,-14.9859,1.5142,6.7869,-5.5680,0.5000,9.5793,,,,0,-25.6782,25.7067,-5.3381,14.2800,,,,,,,,,,,,
28.962,24.192,ENGAGE,pronav,0,,,,,,,138.263,-322.782,-89.519,20.2641,8.1742,4.5000,-35.1541,-6.7260,0.0000,0.0000,0.0000,138.2630,1.1110,5.5068,-15.2513,1.5371,6.8579,-5.2800,0.5000,10.1157,,,,0,-25.9451,26.4207,-5.3381,14.2800,,,,,,,,,,,,
29.013,24.224,ENGAGE,pronav,0,,,,,,,139.027,-327.258,-89.519,20.6729,8.1742,4.5000,-35.1541,-6.7260,0.0000,0.0000,0.0000,139.0271,1.1480,5.6329,-15.4760,1.5555,6.9283,-4.9920,0.5000,10.6163,,,,0,-26.2120,27.1347,-5.3381,14.2800,,,,,,,,,,,,
29.064,24.252,ENGAGE,pronav,0,,,,,,,139.737,-331.734,-89.519,21.0816,8.1742,4.5000,-35.1541,-6.7260,0.0000,0.0000,0.0000,139.7369,1.1700,5.7542,-15.6905,1.5718,6.9982,-4.7040,0.5000,11.1085,,,,0,-26.4789,27.8487,-5.3381,14.2800,,,,,,,,,,,,
29.114,24.276,ENGAGE,pronav,0,,,,,,,140.247,-336.210,-89.519,21.4903,8.1742,4.5000,-35.1541,-6.7260,0.0000,0.0000,0.0000,140.2465,1.1840,5.7985,-15.7684,1.5773,7.1356,-4.1280,0.5000,11.7664,,,,0,-26.7458,28.5627,-5.3381,14.2800,,,,,,,,,,,,
29.166,24.296,ENGAGE,pronav,0,,,,,,,140.746,-340.686,-89.519,21.8990,8.1742,4.5000,-35.1541,-6.7260,0.0000,0.0000,0.0000,140.7461,1.2040,5.9275,-15.9940,1.5915,7.2031,-3.8400,0.5000,12.2694,,,,0,-27.0127,29.2767,-5.3381,14.2800,,,,,,,,,,,,
29.217,24.324,ENGAGE,pronav,0,,,,,,,141.515,-345.162,-89.519,22.3077,8.1742,4.5000,-35.1541,-6.7260,0.0000,0.0000,0.0000,141.5150,1.2350,5.9966,-16.1142,1.5980,7.2695,-3.5520,0.5000,12.6742,,,,0,-27.2796,29.9907,-5.3381,14.2800,,,,,,,,,,,,
29.268,24.340,ENGAGE,pronav,0,,,,,,,141.699,-349.638,-89.519,22.7164,8.1742,4.5000,-35.1541,-6.7260,0.0000,0.0000,0.0000,141.6989,1.2350,6.0372,-16.1846,1.6014,7.3348,-3.2640,0.5000,13.0322,,,,0,-27.5465,30.7047,-5.3381,14.2800,,,,,,,,,,,,
29.318,24.356,ENGAGE,pronav,0,,,,,,,142.139,-354.114,-89.519,23.1251,8.1742,4.5000,-35.1541,-6.7260,0.0000,0.0000,0.0000,142.1392,1.2460,6.1035,-16.2989,1.6063,7.3348,-3.2640,0.5000,13.1396,,,,0,-27.8134,31.4187,-5.3381,14.2800,,,,,,,,,,,,
29.370,24.388,ENGAGE,pronav,0,,,,,,,142.784,-358.590,-89.519,23.5338,8.1742,4.5000,-35.1541,-6.7260,0.0000,0.0000,0.0000,142.7841,1.2710,6.2059,-16.4746,1.6120,7.3990,-2.9760,0.5000,13.5967,,,,0,-28.0803,32.1327,-5.3381,14.2800,,,,,,,,,,,,
29.419,24.416,ENGAGE,pronav,0,,,,,,,143.281,-363.066,-89.519,23.9425,8.1742,4.5000,-35.1541,-6.7260,0.0000,0.0000,0.0000,143.2812,1.2840,6.3037,-16.6413,1.6153,7.5234,-2.4000,0.5000,14.3368,,,,0,-28.3472,32.8467,-5.3381,14.2800,,,,,,,,,,,,
29.470,24.444,ENGAGE,pronav,0,,,,,,,143.599,-367.542,-89.519,24.3512,8.1742,4.5000,-35.1541,-6.7260,0.0000,0.0000,0.0000,143.5990,1.2920,6.3510,-16.7213,1.6160,7.5834,-2.1120,0.5000,14.7036,,,,0,-28.6141,33.5607,-5.3381,14.2800,,,,,,,,,,,,
29.521,24.468,ENGAGE,pronav,0,,,,,,,144.043,-372.018,-89.519,24.7599,8.1742,4.5000,-35.1541,-6.7260,0.0000,0.0000,0.0000,144.0427,1.3090,6.4421,-16.8750,1.6158,7.6419,-1.8240,0.5000,15.1399,,,,0,-28.8810,34.2747,-5.3381,14.2800,,,,,,,,,,,,
29.572,24.488,ENGAGE,pronav,0,,,,,,,144.282,-376.494,-89.519,25.1687,8.1742,4.5000,-35.1541,-6.7260,0.0000,0.0000,0.0000,144.2816,1.3160,6.4969,-16.9667,1.6145,7.6419,-1.8240,0.5000,15.2267,,,,0,-29.1479,34.9887,-5.3381,14.2800,,,,,,,,,,,,
29.623,24.520,ENGAGE,pronav,0,,,,,,,144.578,-380.970,-89.519,25.5774,8.1742,4.5000,-35.1541,-6.7260,0.0000,0.0000,0.0000,144.5777,1.3210,6.5811,-17.1067,1.6108,7.7540,-1.2480,0.5000,15.9407,,,,0,-29.4148,35.7027,-5.3381,14.2800,,,,,,,,,,,,
29.678,24.556,ENGAGE,pronav,0,,,,,,,144.919,-385.446,-89.519,25.9861,8.1742,4.5000,-35.1541,-6.7260,0.0000,0.0000,0.0000,144.9191,1.3290,6.6610,-17.2385,1.6053,7.8074,-0.9600,0.5000,16.3562,,,,0,-29.6817,36.4167,-5.3381,14.2800,,,,,,,,,,,,
29.728,24.588,ENGAGE,pronav,0,,,,,,,145.138,-389.922,-89.519,26.3948,8.1742,4.5000,-35.1541,-6.7260,0.0000,0.0000,0.0000,145.1379,1.3330,6.7462,-17.3775,1.5970,7.8505,-0.7200,0.5000,16.7300,,,,0,-29.9486,37.1307,-5.3381,14.2800,,,,,,,,,,,,
29.779,24.608,ENGAGE,pronav,0,,,,,,,145.256,-394.398,-89.519,26.8035,8.1742,4.5000,-35.1541,-6.7260,0.0000,0.0000,0.0000,145.2563,1.3340,6.7734,-17.4216,1.5937,7.9484,-0.1440,0.5000,17.3520,,,,0,-30.2155,37.8447,-5.3381,14.2800,,,,,,,,,,,,
29.830,24.632,ENGAGE,pronav,0,,,,,,,145.361,-398.874,-89.519,27.2122,8.1742,4.5000,-35.1541,-6.7260,0.0000,0.0000,0.0000,145.3608,1.3340,6.8435,-17.5342,1.5842,7.9943,0.1440,0.5000,17.7487,,,,0,-30.4824,38.5587,-5.3381,14.2800,,,,,,,,,,,,
29.881,24.652,ENGAGE,pronav,0,,,,,,,145.490,-403.350,-89.519,27.6209,8.1742,4.5000,-35.1541,-6.7260,0.0000,0.0000,0.0000,145.4899,1.3330,6.8854,-17.6008,1.5775,8.0380,0.4320,0.5000,18.1017,,,,0,-30.7493,39.2727,-5.3381,14.2800,,,,,,,,,,,,
29.931,24.688,ENGAGE,pronav,0,,,,,,,145.617,-407.826,-89.519,28.0296,8.1742,4.5000,-35.1541,-6.7260,0.0000,0.0000,0.0000,145.6172,1.3290,6.9495,-17.7017,1.5660,8.0796,0.7200,0.5000,18.4871,,,,0,-31.0162,39.9867,-5.3381,14.2800,,,,,,,,,,,,
29.982,24.720,ENGAGE,pronav,0,,,,,,,145.717,-412.301,-89.519,28.4383,8.1742,4.5000,-35.1541,-6.7260,0.0000,0.0000,0.0000,145.7165,1.3270,7.0175,-17.8069,1.5518,8.1189,1.0080,0.5000,18.8765,,,,0,-31.2831,40.7007,-5.3381,14.2800,,,,,,,,,,,,
30.032,24.744,ENGAGE,pronav,0,,,,,,,145.783,-416.777,-89.519,28.8470,8.1742,4.5000,-35.1541,-6.7260,0.0000,0.0000,0.0000,145.7826,1.3220,7.0392,-17.8402,1.5468,8.1560,1.2960,0.5000,19.1973,,,,0,-31.5501,41.4147,-5.3381,14.2800,,,,,,,,,,,,
30.084,24.764,ENGAGE,pronav,0,,,,,,,145.846,-421.253,-89.519,29.2558,8.1742,4.5000,-35.1541,-6.7260,0.0000,0.0000,0.0000,145.8459,1.3190,7.0950,-17.9244,1.5330,8.2229,1.8720,0.5000,19.8554,,,,0,-31.8170,42.1287,-5.3381,14.2800,,,,,,,,,,,,
30.135,24.784,ENGAGE,pronav,0,,,,,,,145.942,-425.729,-89.519,29.6645,8.1742,4.5000,-35.1541,-6.7260,0.0000,0.0000,0.0000,145.9424,1.3100,7.1283,-17.9738,1.5241,8.2229,1.8720,0.5000,19.9023,,,,0,-32.0839,42.8427,-5.3381,14.2800,,,,,,,,,,,,
30.187,24.820,ENGAGE,pronav,0,,,,,,,146.026,-430.205,-89.519,30.0732,8.1742,4.5000,-35.1541,-6.7260,0.0000,0.0000,0.0000,146.0262,1.3030,7.1793,-18.0481,1.5095,8.2528,2.1600,0.5000,20.2617,,,,0,-32.3508,43.5567,-5.3381,14.2800,,,,,,,,,,,,
30.241,24.820,ENGAGE,pronav,0,,,,,,,146.026,-434.681,-89.519,30.4819,8.1742,4.5000,-35.1541,-6.7260,0.0000,0.0000,0.0000,146.0262,1.3030,7.1793,-18.0481,1.5095,8.2528,2.1600,0.5000,20.2617,,,,0,-32.6177,44.2707,-5.3381,14.2800,,,,,,,,,,,,
30.291,24.852,ENGAGE,pronav,0,,,,,,,146.148,-439.157,-89.519,30.8906,8.1742,4.5000,-35.1541,-6.7260,0.0000,0.0000,0.0000,146.1478,1.2910,7.2391,-18.1329,1.4908,8.3049,2.7360,0.5000,20.9196,,,,0,-32.8846,44.9847,-5.3381,14.2800,,,,,,,,,,,,
30.341,24.864,ENGAGE,pronav,0,,,,,,,146.184,-443.633,-89.519,31.2993,8.1742,4.5000,-35.1541,-6.7260,0.0000,0.0000,0.0000,146.1839,1.2910,7.2506,-18.1488,1.4870,8.3272,3.0240,0.5000,21.2232,,,,0,-33.1515,45.6987,-5.3381,14.2800,,,,,,,,,,,,
30.392,24.884,ENGAGE,pronav,0,,,,,,,146.247,-448.109,-89.519,31.7080,8.1742,4.5000,-35.1541,-6.7260,0.0000,0.0000,0.0000,146.2465,1.2780,7.2786,-18.1873,1.4776,8.3272,3.0240,0.5000,21.2596,,,,0,-33.4184,46.4127,-5.3381,14.2800,,,,,,,,,,,,
30.446,24.916,ENGAGE,pronav,0,,,,,,,146.336,-452.585,-89.519,32.1167,8.1742,4.5000,-35.1541,-6.7260,0.0000,0.0000,0.0000,146.3364,1.2730,7.3216,-18.2446,1.4624,8.3639,3.6000,0.5000,21.8906,,,,0,-33.6853,47.1267,-5.3381,14.2800,,,,,,,,,,,,
30.494,24.936,ENGAGE,pronav,0,,,,,,,146.402,-457.061,-89.519,32.5254,8.1742,4.5000,-35.1541,-6.7260,0.0000,0.0000,0.0000,146.4020,1.2640,7.3371,-18.2648,1.4568,8.3639,3.6000,0.5000,21.9098,,,,0,-33.9522,47.8407,-5.3381,14.2800,,,,,,,,,,,,
30.545,24.952,ENGAGE,pronav,0,,,,,,,146.468,-461.537,-89.519,32.9341,8.1742,4.5000,-35.1541,-6.7260,0.0000,0.0000,0.0000,146.4683,1.2580,7.3622,-18.2971,1.4474,8.3639,3.6000,0.5000,21.9405,,,,0,-34.2191,48.5547,-5.3381,14.2800,,,,,,,,,,,,
30.597,24.984,ENGAGE,pronav,0,,,,,,,146.575,-466.013,-89.519,33.3428,8.1742,4.5000,-35.1541,-6.7260,0.0000,0.0000,0.0000,146.5754,1.2440,7.4055,-18.3508,1.4307,8.3900,4.1760,0.5000,22.5675,,,,0,-34.4860,49.2687,-5.3381,14.2800,,,,,,,,,,,,
30.649,24.996,ENGAGE,pronav,0,,,,,,,146.603,-470.489,-89.519,33.7516,8.1742,4.5000,-35.1541,-6.7260,0.0000,0.0000,0.0000,146.6026,1.2440,7.4194,-18.3675,1.4252,8.3990,4.4640,0.5000,22.8713,,,,0,-34.7529,49.9827,-5.3381,14.2800,,,,,,,,,,,,
30.698,25.016,ENGAGE,pronav,0,,,,,,,146.673,-474.965,-89.519,34.1603,8.1742,4.5000,-35.1541,-6.7260,0.0000,0.0000,0.0000,146.6728,1.2350,7.4420,-18.3941,1.4162,8.4053,4.7520,0.5000,23.1843,,,,0,-35.0198,50.6967,-5.3381,14.2800,,,,,,,,,,,,
30.749,25.048,ENGAGE,pronav,0,,,,,,,146.785,-479.441,-89.519,34.5690,8.1742,4.5000,-35.1541,-6.7260,0.0000,0.0000,0.0000,146.7847,1.2200,7.4766,-18.4335,1.4020,8.4099,5.2800,0.5000,23.7490,,,,0,-35.2867,51.4107,-5.3381,14.2800,,,,,,,,,,,,
30.800,25.048,ENGAGE,pronav,0,,,,,,,146.785,-483.917,-89.519,34.9777,8.1742,4.5000,-35.1541,-6.7260,0.0000,0.0000,0.0000,146.7847,1.2200,7.4766,-18.4335,1.4020,8.4099,5.2800,0.5000,23.7490,,,,0,-35.5536,52.1247,-5.3381,14.2800,,,,,,,,,,,,
30.851,25.084,ENGAGE,pronav,0,,,,,,,146.926,-488.393,-89.519,35.3864,8.1742,4.5000,-35.1541,-6.7260,0.0000,0.0000,0.0000,146.9258,1.2050,7.5096,-18.4692,1.3883,8.4085,5.5680,0.5000,24.0704,,,,0,-35.8205,52.8387,-5.3381,14.2800,,,,,,,,,,,,
30.901,25.108,ENGAGE,pronav,0,,,,,,,146.996,-492.869,-89.519,35.7951,8.1742,4.5000,-35.1541,-6.7260,0.0000,0.0000,0.0000,146.9961,1.1990,7.5449,-18.5055,1.3735,8.4044,5.8560,0.5000,24.3923,,,,0,-36.0874,53.5527,-5.3381,14.2800,,,,,,,,,,,,
30.952,25.116,ENGAGE,pronav,0,,,,,,,147.025,-497.345,-89.519,36.2038,8.1742,4.5000,-35.1541,-6.7260,0.0000,0.0000,0.0000,147.0248,1.1990,7.5449,-18.5055,1.3735,8.4044,5.8560,0.5000,24.3923,,,,0,-36.3543,54.2667,-5.3381,14.2800,,,,,,,,,,,,
31.003,25.148,ENGAGE,pronav,0,,,,,,,147.137,-501.821,-89.519,36.6125,8.1742,4.5000,-35.1541,-6.7260,0.0000,0.0000,0.0000,147.1374,1.1840,7.5748,-18.5344,1.3608,8.3882,6.4320,0.5000,24.9945,,,,0,-36.6212,54.9807,-5.3381,14.2800,,,,,,,,,,,,
31.053,25.164,ENGAGE,pronav,0,,,,,,,147.166,-506.297,-89.519,37.0212,8.1742,4.5000,-35.1541,-6.7260,0.0000,0.0000,0.0000,147.1656,1.1840,7.5856,-18.5445,1.3562,8.3882,6.4320,0.5000,25.0041,,,,0,-36.8881,55.6947,-5.3381,14.2800,,,,,,,,,,,,
31.103,25.180,ENGAGE,pronav,0,,,,,,,147.235,-510.773,-89.519,37.4299,8.1742,4.5000,-35.1541,-6.7260,0.0000,0.0000,0.0000,147.2350,1.1750,7.6033,-18.5606,1.3487,8.3760,6.7200,0.5000,25.3066,,,,0,-37.1550,56.4087,-5.3381,14.2800,,,,,,,,,,,,
31.156,25.212,ENGAGE,pronav,0,,,,,,,147.344,-515.249,-89.519,37.8386,8.1742,4.5000,-35.1541,-6.7260,0.0000,0.0000,0.0000,147.3437,1.1600,7.6273,-18.5813,1.3386,8.3612,7.0080,0.5000,25.6136,,,,0,-37.4219,57.1227,-5.3381,14.2800,,,,,,,,,,,,
31.206,25.216,ENGAGE,pronav,0,,,,,,,147.371,-519.725,-89.519,38.2474,8.1742,4.5000,-35.1541,-6.7260,0.0000,0.0000,0.0000,147.3709,1.1600,7.6273,-18.5813,1.3386,8.3612,7.0080,0.5000,25.6136,,,,0,-37.6888,57.8367,-5.3381,14.2800,,,,,,,,,,,,
31.256,25.240,ENGAGE,pronav,0,,,,,,,147.437,-524.200,-89.519,38.6561,8.1742,4.5000,-35.1541,-6.7260,0.0000,0.0000,0.0000,147.4368,1.1540,7.6438,-18.5950,1.3316,8.3437,7.2960,0.5000,25.9139,,,,0,-37.9558,58.5507,-5.3381,14.2800,,,,,,,,,,,,
31.307,25.248,ENGAGE,pronav,0,,,,,,,147.477,-528.676,-89.519,39.0648,8.1742,4.5000,-35.1541,-6.7260,0.0000,0.0000,0.0000,147.4766,1.1460,7.6599,-18.6079,1.3249,8.3437,7.2960,0.5000,25.9261,,,,0,-38.2227,59.2647,-5.3381,14.2800,,,,,,,,,,,,
31.357,25.280,ENGAGE,pronav,0,,,,,,,147.568,-533.152,-89.519,39.4735,8.1742,4.5000,-35.1541,-6.7260,0.0000,0.0000,0.0000,147.5676,1.1400,7.6848,-18.6268,1.3145,8.3010,7.8720,0.5000,26.5185,,,,0,-38.4896,59.9787,-5.3381,14.2800,,,,,,,,,,,,
31.408,25.296,ENGAGE,pronav,0,,,,,,,147.630,-537.628,-89.519,39.8822,8.1742,4.5000,-35.1541,-6.7260,0.0000,0.0000,0.0000,147.6296,1.1320,7.6939,-18.6334,1.3107,8.2757,8.1600,0.5000,26.8120,,,,0,-38.7565,60.6927,-5.3381,14.2800,,,,,,,,,,,,
31.459,25.312,ENGAGE,pronav,0,,,,,,,147.690,-542.104,-89.519,40.2909,8.1742,4.5000,-35.1541,-6.7260,0.0000,0.0000,0.0000,147.6899,1.1260,7.7087,-18.6438,1.3047,8.2757,8.1600,0.5000,26.8219,,,,0,-39.0234,61.4067,-5.3381,14.2800,,,,,,,,,,,,
31.510,25.348,ENGAGE,pronav,0,,,,,,,147.783,-546.580,-89.519,40.6996,8.1742,4.5000,-35.1541,-6.7260,0.0000,0.0000,0.0000,147.7832,1.1130,7.7316,-18.6591,1.2953,8.2480,8.4480,0.5000,27.1237,,,,0,-39.2903,62.1207,-5.3381,14.2800,,,,,,,,,,,,
31.560,25.360,ENGAGE,pronav,0,,,,,,,147.807,-551.056,-89.519,41.1083,8.1742,4.5000,-35.1541,-6.7260,0.0000,0.0000,0.0000,147.8068,1.1130,7.7427,-18.6662,1.2909,8.1851,9.0240,0.5000,27.7050,,,,0,-39.5572,62.8347,-5.3381,14.2800,,,,,,,,,,,,
31.611,25.380,ENGAGE,pronav,0,,,,,,,147.863,-555.532,-89.519,41.5170,8.1742,4.5000,-35.1541,-6.7260,0.0000,0.0000,0.0000,147.8629,1.1060,7.7563,-18.6745,1.2854,8.1851,9.0240,0.5000,27.7130,,,,0,-39.8241,63.5487,-5.3381,14.2800,,,,,,,,,,,,
31.662,25.412,ENGAGE,pronav,0,,,,,,,147.970,-560.008,-89.519,41.9257,8.1742,4.5000,-35.1541,-6.7260,0.0000,0.0000,0.0000,147.9698,1.0930,7.7773,-18.6868,1.2771,8.1500,9.3120,0.5000,28.0120,,,,0,-40.0910,64.2627,-5.3381,14.2800,,,,,,,,,,,,
31.713,25.424,ENGAGE,pronav,0,,,,,,,147.970,-564.484,-89.519,42.3345,8.1742,4.5000,-35.1541,-6.7260,0.0000,0.0000,0.0000,147.9698,1.0930,7.7849,-18.6910,1.2741,8.1125,9.6000,0.5000,28.3035,,,,0,-40.3579,64.9767,-5.3381,14.2800,,,,,,,,,,,,
31.763,25.444,ENGAGE,pronav,0,,,,,,,148.051,-568.960,-89.519,42.7432,8.1742,4.5000,-35.1541,-6.7260,0.0000,0.0000,0.0000,148.0511,1.0810,7.7974,-18.6978,1.2693,8.0728,9.8880,0.5000,28.5975,,,,0,-40.6248,65.6907,-5.3381,14.2800,,,,,,,,,,,,
31.814,25.480,ENGAGE,pronav,0,,,,,,,148.120,-573.436,-89.519,43.1519,8.1742,4.5000,-35.1541,-6.7260,0.0000,0.0000,0.0000,148.1199,1.0760,7.8168,-18.7077,1.2618,8.0309,10.1760,0.5000,28.8946,,,,0,-40.8917,66.4047,-5.3381,14.2800,,,,,,,,,,,,
31.867,25.480,ENGAGE,pronav,0,,,,,,,148.120,-577.912,-89.519,43.5606,8.1742,4.5000,-35.1541,-6.7260,0.0000,0.0000,0.0000,148.1199,1.0760,7.8168,-18.7077,1.2618,8.0309,10.1760,0.5000,28.8946,,,,0,-41.1586,67.1187,-5.3381,14.2800,,,,,,,,,,,,
31.921,25.480,ENGAGE,pronav,0,,,,,,,148.120,-582.388,-89.519,43.9693,8.1742,4.5000,-35.1541,-6.7260,0.0000,0.0000,0.0000,148.1199,1.0760,7.8168,-18.7077,1.2618,8.0309,10.1760,0.5000,28.8946,,,,0,-41.4255,67.8327,-5.3381,14.2800,,,,,,,,,,,,
31.967,25.512,ENGAGE,pronav,0,,,,,,,148.216,-586.864,-89.519,44.3780,8.1742,4.5000,-35.1541,-6.7260,0.0000,0.0000,0.0000,148.2159,1.0650,7.8376,-18.7178,1.2539,7.9868,10.4640,0.5000,29.1919,,,,0,-41.6924,68.5468,-5.3381,14.2800,,,,,,,,,,,,
32.018,25.536,ENGAGE,pronav,0,,,,,,,148.262,-591.340,-89.519,44.7867,8.1742,4.5000,-35.1541,-6.7260,0.0000,0.0000,0.0000,148.2621,1.0590,7.8444,-18.7209,1.2513,7.9405,10.7520,0.5000,29.4827,,,,0,-41.9593,69.2608,-5.3381,14.2800,,,,,,,,,,,,
32.068,25.544,ENGAGE,pronav,0,,,,,,,148.289,-595.816,-89.519,45.1954,8.1742,4.5000,-35.1541,-6.7260,0.0000,0.0000,0.0000,148.2890,1.0540,7.8554,-18.7259,1.2472,7.9405,10.7520,0.5000,29.4875,,,,0,-42.2262,69.9748,-5.3381,14.2800,,,,,,,,,,,,
32.122,25.576,ENGAGE,pronav,0,,,,,,,148.350,-600.292,-89.519,45.6041,8.1742,4.5000,-35.1541,-6.7260,0.0000,0.0000,0.0000,148.3501,1.0480,7.8724,-18.7332,1.2408,7.8505,11.2800,0.5000,30.0223,,,,0,-42.4931,70.6888,-5.3381,14.2800,,,,,,,,,,,,
32.171,25.600,ENGAGE,pronav,0,,,,,,,148.392,-604.768,-89.519,46.0128,8.1742,4.5000,-35.1541,-6.7260,0.0000,0.0000,0.0000,148.3922,1.0440,7.8787,-18.7357,1.2385,7.7986,11.5680,0.5000,30.3129,,,,0,-42.7600,71.4028,-5.3381,14.2800,,,,,,,,,,,,
32.222,25.612,ENGAGE,pronav,0,,,,,,,148.434,-609.244,-89.519,46.4215,8.1742,4.5000,-35.1541,-6.7260,0.0000,0.0000,0.0000,148.4335,1.0380,7.8888,-18.7398,1.2348,7.7449,11.8560,0.5000,30.6050,,,,0,-43.0269,72.1168,-5.3381,14.2800,,,,,,,,,,,,
32.274,25.644,ENGAGE,pronav,0,,,,,,,148.498,-613.720,-89.519,46.8303,8.1742,4.5000,-35.1541,-6.7260,0.0000,0.0000,0.0000,148.4982,1.0280,7.9065,-18.7466,1.2283,7.6894,12.1440,0.5000,30.9000,,,,0,-43.2938,72.8308,-5.3381,14.2800,,,,,,,,,,,,
32.323,25.664,ENGAGE,pronav,0,,,,,,,148.538,-618.196,-89.519,47.2390,8.1742,4.5000,-35.1541,-6.7260,0.0000,0.0000,0.0000,148.5382,1.0240,7.9122,-18.7488,1.2262,7.6323,12.4320,0.5000,31.1905,,,,0,-43.5607,73.5448,-5.3381,14.2800,,,,,,,,,,,,
32.375,25.676,ENGAGE,pronav,0,,,,,,,148.554,-622.672,-89.519,47.6477,8.1742,4.5000,-35.1541,-6.7260,0.0000,0.0000,0.0000,148.5537,1.0240,7.9215,-18.7522,1.2229,7.5735,12.7200,0.5000,31.4824,,,,0,-43.8276,74.2588,-5.3381,14.2800,,,,,,,,,,,,
32.426,25.708,ENGAGE,pronav,0,,,,,,,148.615,-627.148,-89.519,48.0564,8.1742,4.5000,-35.1541,-6.7260,0.0000,0.0000,0.0000,148.6145,1.0140,7.9359,-18.7572,1.2176,7.5132,13.0080,0.5000,31.7762,,,,0,-44.0946,74.9728,-5.3381,14.2800,,,,,,,,,,,,
32.477,25.724,ENGAGE,pronav,0,,,,,,,148.651,-631.623,-89.519,48.4651,8.1742,4.5000,-35.1541,-6.7260,0.0000,0.0000,0.0000,148.6513,1.0090,7.9411,-18.7591,1.2157,7.4515,13.2960,0.5000,32.0668,,,,0,-44.3615,75.6868,-5.3381,14.2800,,,,,,,,,,,,
32.527,25.744,ENGAGE,pronav,0,,,,,,,148.687,-636.099,-89.519,48.8738,8.1742,4.5000,-35.1541,-6.7260,0.0000,0.0000,0.0000,148.6869,1.0050,7.9497,-18.7619,1.2126,7.4515,13.2960,0.5000,32.0697,,,,0,-44.6284,76.4008,-5.3381,14.2800,,,,,,,,,,,,
32.579,25.776,ENGAGE,pronav,0,,,,,,,148.736,-640.575,-89.519,49.2825,8.1742,4.5000,-35.1541,-6.7260,0.0000,0.0000,0.0000,148.7358,1.0000,7.9645,-18.7668,1.2072,7.3240,13.8720,0.5000,32.6528,,,,0,-44.8953,77.1148,-5.3381,14.2800,,,,,,,,,,,,
32.630,25.788,ENGAGE,pronav,0,,,,,,,148.756,-645.051,-89.519,49.6912,8.1742,4.5000,-35.1541,-6.7260,0.0000,0.0000,0.0000,148.7563,0.9960,7.9694,-18.7684,1.2054,7.2585,14.1600,0.5000,32.9436,,,,0,-45.1622,77.8288,-5.3381,14.2800,,,,,,,,,,,,
32.680,25.808,ENGAGE,pronav,0,,,,,,,148.790,-649.527,-89.519,50.0999,8.1742,4.5000,-35.1541,-6.7260,0.0000,0.0000,0.0000,148.7895,0.9910,7.9772,-18.7709,1.2026,7.2585,14.1600,0.5000,32.9462,,,,0,-45.4291,78.5428,-5.3381,14.2800,,,,,,,,,,,,
32.732,25.840,ENGAGE,pronav,0,,,,,,,148.834,-654.003,-89.519,50.5086,8.1742,4.5000,-35.1541,-6.7260,0.0000,0.0000,0.0000,148.8342,0.9880,7.9893,-18.7746,1.1981,7.1919,14.4480,0.5000,33.2395,,,,0,-45.6960,79.2568,-5.3381,14.2800,,,,,,,,,,,,
32.784,25.844,ENGAGE,pronav,0,,,,,,,148.834,-658.479,-89.519,50.9173,8.1742,4.5000,-35.1541,-6.7260,0.0000,0.0000,0.0000,148.8342,0.9880,7.9893,-18.7746,1.1981,7.1919,14.4480,0.5000,33.2395,,,,0,-45.9629,79.9708,-5.3381,14.2800,,,,,,,,,,,,
32.835,25.876,ENGAGE,pronav,0,,,,,,,148.897,-662.955,-89.519,51.3261,8.1742,4.5000,-35.1541,-6.7260,0.0000,0.0000,0.0000,148.8969,0.9800,8.0052,-18.7795,1.1923,7.0558,15.0240,0.5000,33.8239,,,,0,-46.2298,80.6848,-5.3381,14.2800,,,,,,,,,,,,
