t,phase,law,detected,meas_x,meas_y,meas_z,meas_range,bearing_rad,psi_deg,lambda_deg,lambda_dot_deg_s,r_hat_m,rdot_hat_m_s,vc_m_s,a_cmd_m_s2,v_perp_m_s,cmd_vn,cmd_ve,cmd_vd,cmd_yaw_deg,alt_m,gt_cam_x,gt_cam_y,gt_cam_z,gt_tag_x,gt_tag_y,gt_tag_z,gt_range
2.563,TAKEOFF,pursuit,1,4.1321,-0.2788,6.5410,7.7419,0.56341,96.039,,,,,,,0.0000,,,,,0.0000,0.1200,0.0300,0.2290,6.5000,-4.0000,0.5000,7.5511
2.764,TAKEOFF,pursuit,1,4.1321,-0.2788,6.5410,7.7419,0.56341,96.046,,,,,,,0.0000,,,,,-0.0010,0.1200,0.0300,0.2290,6.5000,-4.0000,0.5000,7.5511
2.967,TAKEOFF,pursuit,1,4.1321,-0.2788,6.5410,7.7419,0.56341,96.053,,,,,,,0.0000,,,,,-0.0030,0.1200,0.0300,0.2290,6.5000,-4.0000,0.5000,7.5511
3.168,TAKEOFF,pursuit,1,4.1321,-0.2788,6.5410,7.7419,0.56341,96.054,,,,,,,0.0000,,,,,-0.0040,0.1200,0.0300,0.2290,6.5000,-4.0000,0.5000,7.5511
3.369,TAKEOFF,pursuit,1,4.1321,-0.2788,6.5410,7.7419,0.56341,96.053,,,,,,,0.0000,,,,,-0.0050,0.1200,0.0300,0.2290,6.5000,-4.0000,0.5000,7.5511
3.569,TAKEOFF,pursuit,1,4.1321,-0.2788,6.5410,7.7419,0.56341,96.049,,,,,,,0.0000,,,,,-0.0060,0.1200,0.0300,0.2290,6.5000,-4.0000,0.5000,7.5511
3.770,TAKEOFF,pursuit,1,4.1321,-0.2788,6.5410,7.7419,0.56341,96.049,,,,,,,0.0000,,,,,-0.0060,0.1200,0.0300,0.2290,6.5000,-4.0000,0.5000,7.5511
3.972,TAKEOFF,pursuit,1,4.1321,-0.2788,6.5410,7.7419,0.56341,96.046,,,,,,,0.0000,,,,,-0.0060,0.1200,0.0300,0.2290,6.5000,-4.0000,0.5000,7.5511
4.173,TAKEOFF,pursuit,1,4.1321,-0.2788,6.5410,7.7419,0.56341,96.045,,,,,,,0.0000,,,,,-0.0060,0.1200,0.0300,0.2290,6.5000,-4.0000,0.5000,7.5511
4.374,TAKEOFF,pursuit,1,4.1321,-0.2788,6.5410,7.7419,0.56341,96.045,,,,,,,0.0000,,,,,-0.0050,0.1200,0.0300,0.2290,6.5000,-4.0000,0.5000,7.5511
4.575,TAKEOFF,pursuit,1,4.1321,-0.2788,6.5410,7.7419,0.56341,96.043,,,,,,,0.0000,,,,,-0.0060,0.1200,0.0300,0.2290,6.5000,-4.0000,0.5000,7.5511
4.776,TAKEOFF,pursuit,1,4.1321,-0.2788,6.5410,7.7419,0.56341,96.040,,,,,,,0.0000,,,,,-0.0060,0.1200,0.0300,0.2290,6.5000,-4.0000,0.5000,7.5511
4.978,TAKEOFF,pursuit,1,4.1321,-0.2788,6.5410,7.7419,0.56341,96.040,,,,,,,0.0000,,,,,0.0000,0.1200,0.0300,0.2290,6.5000,-4.0000,0.5000,7.5511
5.178,TAKEOFF,pursuit,1,4.1321,-0.2788,6.5410,7.7419,0.56341,96.041,,,,,,,0.0000,,,,,0.0000,0.1200,0.0300,0.2290,6.5000,-4.0000,0.5000,7.5511
5.379,TAKEOFF,pursuit,1,4.1321,-0.2788,6.5410,7.7419,0.56341,96.040,,,,,,,0.0000,,,,,0.0000,0.1200,0.0300,0.2290,6.5000,-4.0000,0.5000,7.5511
5.581,TAKEOFF,pursuit,1,4.1321,-0.2788,6.5410,7.7419,0.56341,96.041,,,,,,,0.0000,,,,,-0.0010,0.1200,0.0300,0.2290,6.5000,-4.0000,0.5000,7.5511
5.783,TAKEOFF,pursuit,1,4.1321,-0.2788,6.5410,7.7419,0.56341,96.040,,,,,,,0.0000,,,,,-0.0020,0.1200,0.0300,0.2290,6.5000,-4.0000,0.5000,7.5511
5.984,TAKEOFF,pursuit,1,4.1321,-0.2788,6.5410,7.7419,0.56341,96.041,,,,,,,0.0000,,,,,-0.0030,0.1200,0.0300,0.2290,6.5000,-4.0000,0.5000,7.5511
6.185,TAKEOFF,pursuit,1,4.1321,-0.2788,6.5410,7.7419,0.56341,96.042,,,,,,,0.0000,,,,,-0.0040,0.1200,0.0300,0.2290,6.5000,-4.0000,0.5000,7.5511
6.387,TAKEOFF,pursuit,1,4.1321,-0.2788,6.5410,7.7419,0.56341,96.041,,,,,,,0.0000,,,,,-0.0040,0.1200,0.0300,0.2290,6.5000,-4.0000,0.5000,7.5511
6.588,TAKEOFF,pursuit,1,4.1321,-0.2788,6.5410,7.7419,0.56341,96.039,,,,,,,0.0000,,,,,-0.0040,0.1200,0.0300,0.2290,6.5000,-4.0000,0.5000,7.5511
6.791,TAKEOFF,pursuit,1,4.1321,-0.2788,6.5410,7.7419,0.56341,96.037,,,,,,,0.0000,,,,,-0.0040,0.1200,0.0300,0.2290,6.5000,-4.0000,0.5000,7.5511
6.991,TAKEOFF,pursuit,1,4.1321,-0.2788,6.5410,7.7419,0.56341,96.035,,,,,,,0.0000,,,,,-0.0040,0.1200,0.0300,0.2290,6.5000,-4.0000,0.5000,7.5511
7.192,TAKEOFF,pursuit,1,4.1321,-0.2788,6.5410,7.7419,0.56341,96.033,,,,,,,0.0000,,,,,-0.0030,0.1200,0.0300,0.2290,6.5000,-4.0000,0.5000,7.5511
7.394,TAKEOFF,pursuit,1,4.1321,-0.2788,6.5410,7.7419,0.56341,96.034,,,,,,,0.0000,,,,,-0.0030,0.1200,0.0300,0.2290,6.5000,-4.0000,0.5000,7.5511
7.595,TAKEOFF,pursuit,1,4.1321,-0.2788,6.5410,7.7419,0.56341,96.038,,,,,,,0.0000,,,,,-0.0020,0.1200,0.0300,0.2290,6.5000,-4.0000,0.5000,7.5511
7.796,TAKEOFF,pursuit,1,4.1321,-0.2788,6.5410,7.7419,0.56341,96.039,,,,,,,0.0000,,,,,0.0000,0.1200,0.0300,0.2290,6.5000,-4.0000,0.5000,7.5511
7.997,TAKEOFF,pursuit,1,4.1321,-0.2788,6.5410,7.7419,0.56341,96.039,,,,,,,0.0000,,,,,0.0000,0.1200,0.0300,0.2290,6.5000,-4.0000,0.5000,7.5511
8.198,TAKEOFF,pursuit,1,4.1321,-0.2788,6.5410,7.7419,0.56341,96.040,,,,,,,0.0000,,,,,0.0020,0.1200,0.0300,0.2290,6.5000,-4.0000,0.5000,7.5511
8.399,TAKEOFF,pursuit,1,4.1321,-0.2788,6.5410,7.7419,0.56341,96.042,,,,,,,0.0000,,,,,0.0040,0.1200,0.0300,0.2290,6.5000,-4.0000,0.5000,7.5511
8.601,TAKEOFF,pursuit,1,4.1321,-0.2788,6.5410,7.7419,0.56341,96.044,,,,,,,0.0000,,,,,0.0050,0.1200,0.0300,0.2290,6.5000,-4.0000,0.5000,7.5511
8.801,TAKEOFF,pursuit,1,4.1321,-0.2788,6.5410,7.7419,0.56341,96.041,,,,,,,0.0000,,,,,0.0080,0.1200,0.0300,0.2290,6.5000,-4.0000,0.5000,7.5511
9.005,TAKEOFF,pursuit,1,4.1321,-0.2788,6.5410,7.7419,0.56341,96.042,,,,,,,0.0000,,,,,0.0100,0.1200,0.0300,0.2290,6.5000,-4.0000,0.5000,7.5511
9.206,TAKEOFF,pursuit,1,4.1321,-0.2788,6.5410,7.7419,0.56341,96.043,,,,,,,0.0000,,,,,0.0120,0.1200,0.0300,0.2290,6.5000,-4.0000,0.5000,7.5511
9.407,TAKEOFF,pursuit,1,4.1321,-0.2788,6.5410,7.7419,0.56341,96.045,,,,,,,0.0000,,,,,0.0150,0.1200,0.0300,0.2290,6.5000,-4.0000,0.5000,7.5511
9.608,TAKEOFF,pursuit,1,4.1321,-0.2788,6.5410,7.7419,0.56341,96.044,,,,,,,0.0000,,,,,0.0190,0.1200,0.0300,0.2290,6.5000,-4.0000,0.5000,7.5511
9.808,TAKEOFF,pursuit,1,4.1321,-0.2788,6.5410,7.7419,0.56341,96.044,,,,,,,0.0000,,,,,0.0250,0.1200,0.0300,0.2290,6.5000,-4.0000,0.5000,7.5511
10.009,TAKEOFF,pursuit,1,4.1321,-0.2788,6.5410,7.7419,0.56341,96.043,,,,,,,0.0000,,,,,0.0310,0.1200,0.0300,0.2290,6.5000,-4.0000,0.5000,7.5511
10.210,TAKEOFF,pursuit,1,4.1321,-0.2788,6.5410,7.7419,0.56341,96.040,,,,,,,0.0000,,,,,0.0340,0.1200,0.0300,0.2290,6.5000,-4.0000,0.5000,7.5511
10.411,TAKEOFF,pursuit,1,4.1321,-0.2788,6.5410,7.7419,0.56341,96.037,,,,,,,0.0000,,,,,0.0360,0.1200,0.0300,0.2290,6.5000,-4.0000,0.5000,7.5511
10.613,TAKEOFF,pursuit,1,4.1100,-0.2746,6.5052,7.6997,0.56348,96.034,,,,,,,0.0000,,,,,0.0370,0.1197,0.0300,0.2293,6.5000,-4.0000,0.5000,7.5513
10.814,TAKEOFF,pursuit,1,4.1274,-0.2532,6.5395,7.7373,0.56301,96.054,,,,,,,0.0000,,,,,0.0370,0.1185,0.0299,0.2308,6.5000,-4.0000,0.5000,7.5522
11.016,TAKEOFF,pursuit,1,4.1176,-0.2229,6.5356,7.7278,0.56220,96.070,,,,,,,0.0000,,,,,0.0410,0.1160,0.0295,0.2346,6.5000,-4.0000,0.5000,7.5540
11.220,TAKEOFF,pursuit,1,4.0986,-0.2222,6.5139,7.6993,0.56163,96.062,,,,,,,0.0000,,,,,0.0490,0.1113,0.0287,0.2423,6.5000,-4.0000,0.5000,7.5573
11.421,TAKEOFF,pursuit,1,4.1124,-0.2334,6.5423,7.7310,0.56117,96.045,,,,,,,0.0000,,,,,0.0600,0.1056,0.0277,0.2535,6.5000,-4.0000,0.5000,7.5612
11.621,TAKEOFF,pursuit,1,4.1082,-0.2400,6.5407,7.7276,0.56082,96.034,,,,,,,0.0000,,,,,0.0760,0.0991,0.0269,0.2694,6.5000,-4.0000,0.5000,7.5657
11.822,TAKEOFF,pursuit,1,4.1081,-0.2432,6.5430,7.7296,0.56065,96.039,,,,,,,0.0000,,,,,0.0930,0.0941,0.0267,0.2861,6.5000,-4.0000,0.5000,7.5694
12.023,TAKEOFF,pursuit,1,4.1183,-0.2371,6.5641,7.7526,0.56032,96.072,,,,,,,0.0000,,,,,0.1120,0.0898,0.0273,0.3069,6.5000,-4.0000,0.5000,7.5728
12.224,TAKEOFF,pursuit,1,4.1125,-0.2244,6.5551,7.7415,0.56030,96.126,,,,,,,0.0000,,,,,0.1350,0.0871,0.0289,0.3310,6.5000,-4.0000,0.5000,7.5753
12.425,TAKEOFF,pursuit,1,4.1351,-0.2070,6.5866,7.7798,0.56061,96.174,,,,,,,0.0000,,,,,0.1580,0.0864,0.0310,0.3530,6.5000,-4.0000,0.5000,7.5765
12.625,TAKEOFF,pursuit,1,4.1019,-0.1777,6.5270,7.7110,0.56108,96.210,,,,,,,0.0000,,,,,0.1820,0.0874,0.0336,0.3783,6.5000,-4.0000,0.5000,7.5767
12.826,TAKEOFF,pursuit,1,4.1013,-0.1521,6.5211,7.7051,0.56142,96.222,,,,,,,0.0000,,,,,0.2070,0.0900,0.0365,0.4048,6.5000,-4.0000,0.5000,7.5757
13.027,TAKEOFF,pursuit,1,4.1214,-0.1278,6.5463,7.7367,0.56188,96.219,,,,,,,0.0000,,,,,0.2300,0.0934,0.0390,0.4278,6.5000,-4.0000,0.5000,7.5739
13.227,TAKEOFF,pursuit,1,4.1169,-0.0931,6.5292,7.7193,0.56257,96.213,,,,,,,0.0000,,,,,0.2530,0.0982,0.0416,0.4527,6.5000,-4.0000,0.5000,7.5710
13.429,TAKEOFF,pursuit,1,4.1387,-0.0674,6.5539,7.7516,0.56325,96.214,,,,,,,0.0000,,,,,0.2750,0.1042,0.0440,0.4784,6.5000,-4.0000,0.5000,7.5671
13.630,TAKEOFF,pursuit,1,4.1296,-0.0405,6.5301,7.7264,0.56390,96.210,,,,,,,0.0000,,,,,0.2960,0.1101,0.0460,0.4962,6.5000,-4.0000,0.5000,7.5631
13.831,TAKEOFF,pursuit,1,4.1301,-0.0216,6.5182,7.7166,0.56478,96.194,,,,,,,0.0000,,,,,0.3000,0.1170,0.0478,0.4997,6.5000,-4.0000,0.5000,7.5583
14.031,TAKEOFF,pursuit,1,4.1325,-0.0228,6.5143,7.7145,0.56531,96.170,,,,,,,0.0000,,,,,0.2860,0.1244,0.0492,0.4900,6.5000,-4.0000,0.5000,7.5527
14.233,TAKEOFF,pursuit,1,4.1302,-0.0274,6.4993,7.7006,0.56610,96.166,,,,,,,0.0000,,,,,0.2750,0.1308,0.0499,0.4838,6.5000,-4.0000,0.5000,7.5477
14.434,TAKEOFF,pursuit,1,4.1313,-0.0205,6.4943,7.6970,0.56657,96.175,,,,,,,0.0000,,,,,0.2720,0.1376,0.0500,0.4854,6.5000,-4.0000,0.5000,7.5421
14.635,TAKEOFF,pursuit,1,4.1297,-0.0068,6.4837,7.6872,0.56714,96.186,,,,,,,0.0000,,,,,0.2780,0.1442,0.0495,0.4931,6.5000,-4.0000,0.5000,7.5362
14.837,TAKEOFF,pursuit,1,4.1351,0.0065,6.4856,7.6917,0.56760,96.191,,,,,,,0.0000,,,,,0.2880,0.1493,0.0487,0.5026,6.5000,-4.0000,0.5000,7.5314
15.038,TAKEOFF,pursuit,1,4.1323,0.0233,6.4780,7.6838,0.56782,96.177,,,,,,,0.0000,,,,,0.3000,0.1543,0.0473,0.5144,6.5000,-4.0000,0.5000,7.5265
15.238,TAKEOFF,pursuit,1,4.1283,0.0463,6.4694,7.6746,0.56799,96.150,,,,,,,0.0000,,,,,0.3120,0.1579,0.0458,0.5252,6.5000,-4.0000,0.5000,7.5227
15.442,TAKEOFF,pursuit,1,4.1422,0.0650,6.4887,7.6984,0.56816,96.117,,,,,,,0.0000,,,,,0.3250,0.1609,0.0438,0.5375,6.5000,-4.0000,0.5000,7.5192
15.643,TAKEOFF,pursuit,1,4.1430,0.0873,6.4901,7.7002,0.56815,96.097,,,,,,,0.0000,,,,,0.3370,0.1623,0.0417,0.5485,6.5000,-4.0000,0.5000,7.5169
15.843,TAKEOFF,pursuit,1,4.1420,0.0994,6.4927,7.7020,0.56786,96.103,,,,,,,0.0000,,,,,0.3490,0.1624,0.0397,0.5579,6.5000,-4.0000,0.5000,7.5158
16.045,TAKEOFF,pursuit,1,4.1257,0.1031,6.4705,7.6746,0.56762,96.105,,,,,,,0.0000,,,,,0.3590,0.1610,0.0373,0.5678,6.5000,-4.0000,0.5000,7.5158
16.246,TAKEOFF,pursuit,1,4.1300,0.1035,6.4870,7.6908,0.56694,96.086,,,,,,,0.0000,,,,,0.3690,0.1586,0.0351,0.5765,6.5000,-4.0000,0.5000,7.5168
16.447,TAKEOFF,pursuit,1,4.1255,0.1025,6.4848,7.6866,0.56660,96.035,,,,,,,0.0000,,,,,0.3800,0.1552,0.0330,0.5849,6.5000,-4.0000,0.5000,7.5185
16.650,TAKEOFF,pursuit,1,4.1285,0.1020,6.4934,7.6954,0.56632,95.977,,,,,,,0.0000,,,,,0.3900,0.1521,0.0314,0.5915,6.5000,-4.0000,0.5000,7.5204
16.851,TAKEOFF,pursuit,1,4.1229,0.1016,6.4963,7.6949,0.56551,95.925,,,,,,,0.0000,,,,,0.4000,0.1486,0.0300,0.5980,6.5000,-4.0000,0.5000,7.5227
16.868,ACQUIRE,pursuit,1,4.1229,0.1016,6.4963,7.6949,0.56551,95.921,128.322,0.000,7.6949,0.0000,1.5000,0.0000,0.0000,0.0000,0.0000,-0.0990,128.3222,0.4010,0.1481,0.0298,0.5988,6.5000,-4.0000,0.5000,7.5231
16.919,ACQUIRE,pursuit,1,4.1213,0.1020,6.4948,7.6928,0.56544,95.914,128.317,-0.061,7.6938,-0.0063,1.5000,-0.0064,0.0000,0.0000,0.0000,-0.0970,128.3119,0.4030,0.1472,0.0295,0.6002,6.5000,-4.0000,0.5000,7.5236
16.970,ACQUIRE,pursuit,1,4.1197,0.1024,6.4933,7.6906,0.56537,95.912,128.310,-0.113,7.6920,-0.0149,1.5000,-0.0118,0.0000,0.0000,0.0000,-0.0940,128.3052,0.4060,0.1464,0.0293,0.6015,6.5000,-4.0000,0.5000,7.5242
17.022,ACQUIRE,pursuit,1,4.1186,0.1026,6.4923,7.6892,0.56531,95.957,128.325,0.135,7.6902,-0.0211,1.5000,0.0142,0.0000,0.0000,0.0000,-0.0930,128.3466,0.4070,0.1457,0.0290,0.6028,6.5000,-4.0000,0.5000,7.5246
17.072,ACQUIRE,pursuit,1,4.1175,0.1028,6.4924,7.6887,0.56519,96.112,128.413,1.105,7.6889,-0.0225,1.5000,0.1158,0.0000,0.0000,0.0000,-0.0900,128.4948,0.4100,0.1451,0.0285,0.6044,6.5000,-4.0000,0.5000,7.5250
17.123,ACQUIRE,pursuit,1,4.1124,0.1013,6.5018,7.6939,0.56398,96.378,128.580,2.413,7.6908,-0.0047,1.5000,0.2527,0.0000,0.0000,0.0000,-0.0860,128.6918,0.4140,0.1444,0.0275,0.6069,6.5000,-4.0000,0.5000,7.5250
17.175,ACQUIRE,pursuit,1,4.0856,0.0897,6.5158,7.6913,0.56006,97.012,128.901,4.767,7.6910,-0.0026,1.5000,0.4992,0.0000,0.0000,0.0000,-0.0820,129.1016,0.4180,0.1439,0.0257,0.6109,6.5000,-4.0000,0.5000,7.5245
17.226,ACQUIRE,pursuit,1,3.9657,0.0657,6.5676,7.6723,0.54323,97.969,129.117,4.498,7.6816,-0.0568,1.5000,0.4710,0.0000,0.0000,0.0000,-0.0800,129.0937,0.4200,0.1436,0.0237,0.6144,6.5000,-4.0000,0.5000,7.5238
17.277,ACQUIRE,pursuit,1,3.8928,0.0565,6.6518,7.7074,0.52949,99.250,129.464,5.962,7.6931,0.0285,1.5000,0.6244,0.0000,0.0000,0.0000,-0.0740,129.5874,0.4260,0.1434,0.0209,0.6187,6.5000,-4.0000,0.5000,7.5225
17.326,ACQUIRE,pursuit,1,3.8928,0.0565,6.6518,7.7074,0.52949,100.007,129.763,5.962,7.6945,0.0285,1.5000,0.6244,0.0000,0.0000,0.0000,-0.0700,130.3450,0.4300,0.1434,0.0191,0.6213,6.5000,-4.0000,0.5000,7.5216
17.378,ACQUIRE,pursuit,1,3.7515,0.0464,6.7153,7.6923,0.50946,101.371,130.311,7.452,7.6941,0.0230,1.5000,0.7804,0.0000,0.0000,0.0000,-0.0640,130.5609,0.4360,0.1434,0.0158,0.6254,6.5000,-4.0000,0.5000,7.5199
17.427,ACQUIRE,pursuit,1,3.6205,0.0423,6.8198,7.7214,0.48805,102.311,130.479,5.032,7.7083,0.1003,1.5000,0.5270,0.0000,0.0000,0.0000,-0.0610,130.2740,0.4390,0.1434,0.0119,0.6296,6.5000,-4.0000,0.5000,7.5179
17.478,ACQUIRE,pursuit,1,3.4518,0.0433,6.9111,7.7253,0.46321,103.730,130.500,2.311,7.7193,0.1357,1.5000,0.2420,0.0000,0.0000,0.0000,-0.0550,130.2700,0.4450,0.1434,0.0104,0.6312,6.5000,-4.0000,0.5000,7.5171
17.529,ACQUIRE,pursuit,1,3.2689,0.0486,7.0235,7.7471,0.43560,105.486,130.530,1.293,7.7366,0.1980,1.5000,0.1354,0.0000,0.0000,0.0000,-0.0510,130.4443,0.4490,0.1433,0.0053,0.6357,6.5000,-4.0000,0.5000,7.5145
17.580,ACQUIRE,pursuit,1,3.0139,0.0574,7.1022,7.7154,0.40133,107.120,130.354,-1.545,7.7310,0.1064,1.5000,-0.1618,0.0000,0.0000,0.0000,-0.0450,130.1140,0.4550,0.1432,0.0004,0.6395,6.5000,-4.0000,0.5000,7.5121
17.630,ACQUIRE,pursuit,1,2.7812,0.0707,7.2037,7.7223,0.36845,109.075,130.232,-2.086,7.7293,0.0649,1.5000,-0.2185,0.0000,0.0000,0.0000,-0.0430,130.1860,0.4570,0.1430,-0.0049,0.6429,6.5000,-4.0000,0.5000,7.5095
17.681,ACQUIRE,pursuit,1,2.7812,0.0707,7.2037,7.7223,0.36845,110.848,130.127,-2.086,7.7325,0.0649,1.5000,-0.2185,0.0000,0.0000,0.0000,-0.0400,131.9586,0.4600,0.1426,-0.0104,0.6460,6.5000,-4.0000,0.5000,7.5069
17.732,ACQUIRE,pursuit,1,2.5245,0.0836,7.2774,7.7033,0.33390,112.916,131.035,3.854,7.7195,0.0172,1.5000,0.4036,0.0000,0.0000,0.0000,-0.0360,132.0471,0.4640,0.1424,-0.0139,0.6476,6.5000,-4.0000,0.5000,7.5053
17.784,ACQUIRE,pursuit,1,2.2569,0.0979,7.3504,7.6897,0.29791,114.746,131.521,7.284,7.7050,-0.0725,1.5000,0.7628,0.0000,0.0000,0.0000,-0.0320,131.8144,0.4680,0.1417,-0.0205,0.6502,6.5000,-4.0000,0.5000,7.5025
17.836,ACQUIRE,pursuit,1,1.9501,0.1151,7.4467,7.6987,0.25613,116.844,131.702,5.115,7.7000,-0.0807,1.5000,0.5357,0.0000,0.0000,0.0000,-0.0310,131.5188,0.4690,0.1409,-0.0263,0.6521,6.5000,-4.0000,0.5000,7.5001
17.886,ACQUIRE,pursuit,1,1.6715,0.1284,7.5178,7.7025,0.21878,118.666,131.579,0.683,7.6992,-0.0618,1.5000,0.0716,0.0000,0.0000,0.0000,-0.0290,131.2010,0.4710,0.1400,-0.0322,0.6536,6.5000,-4.0000,0.5000,7.4978
17.935,ACQUIRE,pursuit,1,1.3863,0.1431,7.5721,7.6992,0.18107,121.225,131.607,0.603,7.6977,-0.0526,1.5000,0.0632,0.0000,0.0000,0.0000,-0.0280,131.6001,0.4720,0.1390,-0.0379,0.6547,6.5000,-4.0000,0.5000,7.4956
17.986,ACQUIRE,pursuit,1,1.1021,0.1543,7.6087,7.6896,0.14385,123.212,131.545,-0.480,7.6923,-0.0687,1.5000,-0.0503,0.0000,0.0000,0.0000,-0.0270,131.4538,0.4730,0.1377,-0.0442,0.6556,6.5000,-4.0000,0.5000,7.4935
18.038,ACQUIRE,pursuit,1,0.7919,0.1664,7.6844,7.7268,0.10270,124.896,131.151,-4.847,7.7079,0.0430,1.5000,-0.5076,0.0000,0.0000,0.0000,-0.0270,130.7797,0.4730,0.1364,-0.0495,0.6561,6.5000,-4.0000,0.5000,7.4918
18.088,ACQUIRE,pursuit,1,0.5155,0.1749,7.6999,7.7192,0.06685,126.741,130.740,-6.835,7.7146,0.0700,1.5000,-0.7158,0.0000,0.0000,0.0000,-0.0260,130.5714,0.4740,0.1351,-0.0545,0.6565,6.5000,-4.0000,0.5000,7.4902
18.139,ACQUIRE,pursuit,1,0.2495,0.1798,7.6866,7.6927,0.03244,128.280,130.269,-8.378,7.7054,-0.0056,1.5000,-0.8773,0.0000,0.0000,0.0000,-0.0260,130.1393,0.4740,0.1346,-0.0563,0.6566,6.5000,-4.0000,0.5000,7.4897
18.188,ACQUIRE,pursuit,1,-0.0020,0.1852,7.6907,7.6929,-0.00027,129.945,129.890,-7.900,7.6990,-0.0422,1.5000,-0.8272,0.0000,0.0000,0.0000,-0.0270,129.9298,0.4730,0.1331,-0.0614,0.6569,6.5000,-4.0000,0.5000,7.4883
18.239,ACQUIRE,pursuit,1,-0.2711,0.1876,7.6939,7.7010,-0.03522,130.929,129.203,-11.364,7.6990,-0.0300,1.5000,-1.1900,0.0000,0.0000,0.0000,-0.0270,128.9115,0.4730,0.1318,-0.0654,0.6570,6.5000,-4.0000,0.5000,7.4873
18.290,ACQUIRE,pursuit,1,-0.2711,0.1876,7.6939,7.7010,-0.03522,132.226,128.635,-11.364,7.6975,-0.0300,1.5000,-1.1900,0.0000,0.0000,0.0000,-0.0270,130.2083,0.4730,0.1310,-0.0677,0.6571,6.5000,-4.0000,0.5000,7.4868
18.341,ACQUIRE,pursuit,1,-0.4917,0.1907,7.7122,7.7302,-0.06367,133.604,129.011,-5.770,7.7131,0.0208,1.5000,-0.6042,0.0000,0.0000,0.0000,-0.0270,129.9556,0.4730,0.1299,-0.0710,0.6573,6.5000,-4.0000,0.5000,7.4860
18.392,ACQUIRE,pursuit,1,-0.6945,0.1896,7.6728,7.7065,-0.09027,134.699,129.125,-1.037,7.7103,-0.0016,1.5000,-0.1086,0.0000,0.0000,0.0000,-0.0280,129.5271,0.4720,0.1289,-0.0738,0.6575,6.5000,-4.0000,0.5000,7.4854
18.442,ACQUIRE,pursuit,1,-0.8780,0.1900,7.6728,7.7252,-0.11394,135.425,128.985,-2.077,7.7177,0.0426,1.5000,-0.2175,0.0000,0.0000,0.0000,-0.0280,128.8972,0.4720,0.1284,-0.0750,0.6577,6.5000,-4.0000,0.5000,7.4851
18.494,ACQUIRE,pursuit,1,-0.8780,0.1900,7.6728,7.7252,-0.11394,136.109,128.881,-2.077,7.7199,0.0426,1.5000,-0.2175,0.0000,0.0000,0.0000,-0.0280,129.5808,0.4720,0.1279,-0.0764,0.6579,6.5000,-4.0000,0.5000,7.4849
18.544,ACQUIRE,pursuit,1,-1.0560,0.1877,7.6061,7.6814,-0.13795,137.083,128.978,-0.897,7.7017,-0.0171,1.5000,-0.0939,0.0000,0.0000,0.0000,-0.0280,129.1791,0.4720,0.1273,-0.0781,0.6582,6.5000,-4.0000,0.5000,7.4845
18.595,ACQUIRE,pursuit,1,-1.1954,0.1860,7.5879,7.6838,-0.15625,137.836,128.908,-1.192,7.6923,-0.0674,1.5000,-0.1248,0.0000,0.0000,0.0000,-0.0280,128.8833,0.4720,0.1269,-0.0793,0.6586,6.5000,-4.0000,0.5000,7.4842
18.646,ACQUIRE,pursuit,1,-1.3152,0.1842,7.5829,7.6983,-0.17174,138.131,128.570,-4.497,7.6936,-0.0395,1.5000,-0.4710,0.0000,0.0000,0.0000,-0.0290,128.2913,0.4710,0.1268,-0.0797,0.6588,6.5000,-4.0000,0.5000,7.4841
18.698,ACQUIRE,pursuit,1,-1.3152,0.1842,7.5829,7.6983,-0.17174,138.737,128.345,-4.497,7.6917,-0.0395,1.5000,-0.4710,0.0000,0.0000,0.0000,-0.0290,128.8968,0.4710,0.1267,-0.0801,0.6591,6.5000,-4.0000,0.5000,7.4840
18.750,ACQUIRE,pursuit,1,-1.4130,0.1837,7.5698,7.7028,-0.18454,139.311,128.429,-2.722,7.6962,-0.0206,1.5000,-0.2851,0.0000,0.0000,0.0000,-0.0290,128.7371,0.4710,0.1268,-0.0804,0.6597,6.5000,-4.0000,0.5000,7.4838
18.801,ACQUIRE,pursuit,1,-1.4953,0.1806,7.5339,7.6830,-0.19593,139.606,128.337,-2.204,7.6891,-0.0566,1.5000,-0.2308,0.0000,0.0000,0.0000,-0.0290,128.3806,0.4710,0.1271,-0.0801,0.6603,6.5000,-4.0000,0.5000,7.4837
18.853,ACQUIRE,pursuit,1,-1.4953,0.1806,7.5339,7.6830,-0.19593,139.708,128.226,-2.204,7.6863,-0.0566,1.5000,-0.2308,0.0000,0.0000,0.0000,-0.0280,128.4825,0.4720,0.1273,-0.0799,0.6605,6.5000,-4.0000,0.5000,7.4836
18.904,ACQUIRE,pursuit,1,-1.5488,0.1796,7.5181,7.6781,-0.20317,140.030,128.253,-1.408,7.6808,-0.0644,1.5000,-0.1475,0.0000,0.0000,0.0000,-0.0280,128.3894,0.4720,0.1276,-0.0794,0.6609,6.5000,-4.0000,0.5000,7.4836
18.955,ACQUIRE,pursuit,1,-1.5834,0.1786,7.5125,7.6796,-0.20772,140.223,128.252,-0.582,7.6786,-0.0582,1.5000,-0.0609,0.0000,0.0000,0.0000,-0.0280,128.3214,0.4720,0.1284,-0.0783,0.6615,6.5000,-4.0000,0.5000,7.4835
19.005,ACQUIRE,pursuit,1,-1.6049,0.1796,7.5347,7.7058,-0.20987,140.295,128.247,-0.302,7.6907,0.0305,1.5000,-0.0316,0.0000,0.0000,0.0000,-0.0280,128.2704,0.4720,0.1288,-0.0776,0.6618,6.5000,-4.0000,0.5000,7.4835
19.058,ACQUIRE,pursuit,1,-1.6049,0.1796,7.5347,7.7058,-0.20987,140.322,128.232,-0.302,7.6923,0.0305,1.5000,-0.0316,0.0000,0.0000,0.0000,-0.0270,128.2973,0.4730,0.1295,-0.0766,0.6622,6.5000,-4.0000,0.5000,7.4835
19.109,ACQUIRE,pursuit,1,-1.6019,0.1789,7.5351,7.7056,-0.20947,140.274,128.245,-0.139,7.6997,0.0475,1.5000,-0.0146,0.0000,0.0000,0.0000,-0.0270,128.2726,0.4730,0.1306,-0.0748,0.6628,6.5000,-4.0000,0.5000,7.4835
19.160,ACQUIRE,pursuit,1,-1.5815,0.1791,7.5405,7.7066,-0.20674,140.129,128.261,0.134,7.7044,0.0610,1.5000,0.0140,0.0000,0.0000,0.0000,-0.0260,128.2839,0.4740,0.1320,-0.0726,0.6634,6.5000,-4.0000,0.5000,7.4835
19.211,ACQUIRE,pursuit,1,-1.5815,0.1791,7.5405,7.7066,-0.20674,140.043,128.267,0.134,7.7074,0.0610,1.5000,0.0140,0.0000,0.0000,0.0000,-0.0260,128.1978,0.4740,0.1325,-0.0717,0.6636,6.5000,-4.0000,0.5000,7.4836
19.262,ACQUIRE,pursuit,1,-1.5407,0.1778,7.5222,7.6804,-0.20203,139.787,128.243,-0.052,7.6954,0.0167,1.5000,-0.0054,0.0000,0.0000,0.0000,-0.0250,128.2113,0.4750,0.1334,-0.0701,0.6639,6.5000,-4.0000,0.5000,7.4836
19.314,ACQUIRE,pursuit,1,-1.4887,0.1778,7.5307,7.6785,-0.19517,139.396,128.227,-0.204,7.6874,-0.0344,1.5000,-0.0214,0.0000,0.0000,0.0000,-0.0250,128.2136,0.4750,0.1352,-0.0670,0.6644,6.5000,-4.0000,0.5000,7.4837
19.365,ACQUIRE,pursuit,1,-1.4172,0.1785,7.5478,7.6818,-0.18560,139.105,128.344,1.289,7.6837,-0.0458,1.5000,0.1350,0.0000,0.0000,0.0000,-0.0240,128.4713,0.4760,0.1358,-0.0659,0.6646,6.5000,-4.0000,0.5000,7.4837
19.417,ACQUIRE,pursuit,1,-1.4172,0.1785,7.5478,7.6818,-0.18560,138.979,128.408,1.289,7.6814,-0.0458,1.5000,0.1350,0.0000,0.0000,0.0000,-0.0240,128.3453,0.4760,0.1369,-0.0640,0.6648,6.5000,-4.0000,0.5000,7.4838
19.468,ACQUIRE,pursuit,1,-1.3408,0.1792,7.5628,7.6828,-0.17547,138.270,128.345,0.540,7.6810,-0.0405,1.5000,0.0566,0.0000,0.0000,0.0000,-0.0240,128.2170,0.4760,0.1387,-0.0609,0.6651,6.5000,-4.0000,0.5000,7.4840
19.518,ACQUIRE,pursuit,1,-1.2518,0.1800,7.5743,7.6792,-0.16378,137.872,128.430,1.230,7.6791,-0.0399,1.5000,0.1288,0.0000,0.0000,0.0000,-0.0230,128.4875,0.4770,0.1404,-0.0576,0.6652,6.5000,-4.0000,0.5000,7.4842
19.569,ACQUIRE,pursuit,1,-1.1555,0.1807,7.5894,7.6790,-0.15110,137.447,128.640,2.979,7.6780,-0.0342,1.5000,0.3119,0.0000,0.0000,0.0000,-0.0230,128.7896,0.4770,0.1413,-0.0559,0.6653,6.5000,-4.0000,0.5000,7.4844
19.622,ACQUIRE,pursuit,1,-1.1555,0.1807,7.5894,7.6790,-0.15110,136.998,128.789,2.979,7.6763,-0.0342,1.5000,0.3119,0.0000,0.0000,0.0000,-0.0230,128.3411,0.4770,0.1424,-0.0538,0.6653,6.5000,-4.0000,0.5000,7.4845
19.672,ACQUIRE,pursuit,1,-1.0376,0.1815,7.6023,7.6749,-0.13565,136.038,128.602,1.008,7.6748,-0.0337,1.5000,0.1056,0.0000,0.0000,0.0000,-0.0230,128.2661,0.4770,0.1442,-0.0503,0.6653,6.5000,-4.0000,0.5000,7.4849
19.723,ACQUIRE,pursuit,1,-0.9262,0.1820,7.6105,7.6688,-0.12110,135.535,128.625,0.679,7.6710,-0.0462,1.5000,0.0711,0.0000,0.0000,0.0000,-0.0220,128.5964,0.4780,0.1459,-0.0468,0.6652,6.5000,-4.0000,0.5000,7.4852
19.774,ACQUIRE,pursuit,1,-0.8119,0.1817,7.6333,7.6786,-0.10597,135.020,128.803,2.375,7.6736,-0.0172,1.5000,0.2487,0.0000,0.0000,0.0000,-0.0220,128.9485,0.4780,0.1466,-0.0455,0.6651,6.5000,-4.0000,0.5000,7.4854
19.825,ACQUIRE,pursuit,1,-0.8119,0.1817,7.6333,7.6786,-0.10597,134.491,128.922,2.375,7.6727,-0.0172,1.5000,0.2487,0.0000,0.0000,0.0000,-0.0220,128.4191,0.4780,0.1476,-0.0434,0.6649,6.5000,-4.0000,0.5000,7.4857
19.876,ACQUIRE,pursuit,1,-0.6928,0.1813,7.6364,7.6699,-0.09048,133.415,128.636,-0.012,7.6709,-0.0202,1.5000,-0.0012,0.0000,0.0000,0.0000,-0.0230,128.2303,0.4770,0.1494,-0.0395,0.6646,6.5000,-4.0000,0.5000,7.4862
19.926,ACQUIRE,pursuit,1,-0.5599,0.1806,7.6517,7.6743,-0.07304,132.546,128.498,-1.629,7.6721,-0.0072,1.5000,-0.1706,0.0000,0.0000,0.0000,-0.0230,128.3614,0.4770,0.1508,-0.0362,0.6642,6.5000,-4.0000,0.5000,7.4867
19.977,ACQUIRE,pursuit,1,-0.4403,0.1797,7.6598,7.6745,-0.05742,132.004,128.566,0.137,7.6731,0.0011,1.5000,0.0144,0.0000,0.0000,0.0000,-0.0230,128.7144,0.4770,0.1522,-0.0330,0.6638,6.5000,-4.0000,0.5000,7.4873
20.028,ACQUIRE,pursuit,1,-0.3230,0.1789,7.6751,7.6839,-0.04206,131.469,128.815,2.999,7.6785,0.0328,1.5000,0.3140,0.0000,0.0000,0.0000,-0.0240,129.0585,0.4760,0.1527,-0.0318,0.6636,6.5000,-4.0000,0.5000,7.4875
20.079,ACQUIRE,pursuit,1,-0.3230,0.1789,7.6751,7.6839,-0.04206,130.727,128.965,2.999,7.6802,0.0328,1.5000,0.3140,0.0000,0.0000,0.0000,-0.0240,128.3171,0.4760,0.1540,-0.0284,0.6630,6.5000,-4.0000,0.5000,7.4881
20.131,ACQUIRE,pursuit,1,-0.2081,0.1778,7.6836,7.6885,-0.02708,129.900,128.732,0.743,7.6851,0.0426,1.5000,0.0779,0.0000,0.0000,0.0000,-0.0250,128.3482,0.4750,0.1546,-0.0266,0.6627,6.5000,-4.0000,0.5000,7.4885
20.181,ACQUIRE,pursuit,1,-0.0833,0.1757,7.6910,7.6934,-0.01083,129.203,128.676,-0.366,7.6904,0.0609,1.5000,-0.0383,0.0000,0.0000,0.0000,-0.0260,128.5821,0.4740,0.1556,-0.0239,0.6621,6.5000,-4.0000,0.5000,7.4891
20.232,ENGAGE,pursuit,1,0.0237,0.1731,7.6976,7.6996,0.00307,128.438,128.636,-0.621,7.6965,0.0792,1.5000,-0.0650,0.0000,0.0000,0.0000,-0.0260,128.6140,0.4740,0.1564,-0.0214,0.6616,6.5000,-4.0000,0.5000,7.4897
20.282,ENGAGE,pursuit,1,0.1225,0.1710,7.6982,7.7010,0.01592,127.552,128.534,-1.458,7.7007,0.0809,1.5000,-0.1527,0.0000,-1.8690,2.3467,-0.0270,128.4644,0.4730,0.1571,-0.0191,0.6610,6.5000,-4.0000,0.5000,7.4903
20.332,ENGAGE,pursuit,1,0.2149,0.1670,7.6982,7.7030,0.02790,126.973,128.517,-0.804,7.7039,0.0754,1.5000,-0.0842,0.0000,-1.8682,2.3473,-0.0280,128.5716,0.4720,0.1578,-0.0169,0.6604,6.5000,-4.0000,0.5000,7.4910
20.383,ENGAGE,pursuit,1,0.3121,0.1651,7.6896,7.6977,0.04057,126.344,128.572,0.322,7.7027,0.0464,1.5000,0.0337,0.0000,-1.8705,2.3455,-0.0290,128.6682,0.4710,0.1582,-0.0151,0.6573,6.5000,-4.0000,0.5000,7.4915
20.434,ENGAGE,pursuit,1,0.3121,0.1651,7.6896,7.6977,0.04057,126.344,128.588,0.322,7.7050,0.0464,1.5000,0.0337,0.0000,-1.8712,2.3449,-0.0290,128.6682,0.4710,0.1582,-0.0151,0.6573,6.5000,-4.0000,0.5000,7.4915
20.486,ENGAGE,pursuit,1,0.3121,0.1651,7.6896,7.6977,0.04057,126.344,128.604,0.322,7.7073,0.0464,1.5000,0.0337,0.0000,-1.8718,2.3444,-0.0290,128.6682,0.4710,0.1582,-0.0151,0.6573,6.5000,-4.0000,0.5000,7.4915
20.537,ENGAGE,pursuit,1,0.3899,0.1322,7.6825,7.6935,0.05071,125.809,128.667,0.506,7.7016,0.0305,1.5000,0.0530,0.0000,-1.8744,2.3424,-0.0270,128.7144,0.4730,0.1585,-0.0135,0.6532,6.5000,-4.0000,0.5000,7.4920
20.590,ENGAGE,pursuit,1,0.4605,-0.1692,7.7000,7.7156,0.05974,125.127,128.621,-0.290,7.7093,0.0652,1.5000,-0.0304,0.0000,-1.8725,2.3439,-0.0210,128.5496,0.4790,0.1593,-0.0127,0.6514,6.5000,-4.0000,0.5000,7.4917
20.640,ENGAGE,pursuit,1,0.5184,-0.6052,7.6714,7.7127,0.06748,124.654,128.564,-0.805,7.7126,0.0656,1.5000,-0.0843,0.0000,-1.8701,2.3458,-0.0170,128.5204,0.4830,0.1614,-0.0129,0.6516,6.5000,-4.0000,0.5000,7.4899
20.693,ENGAGE,pursuit,1,0.5702,-1.0770,7.5827,7.6800,0.07506,124.302,128.563,-0.338,7.6980,-0.0397,1.5000,-0.0354,0.0000,-1.8701,2.3458,-0.0070,128.6030,0.4930,0.1649,-0.0146,0.6537,6.5000,-3.9040,0.5000,7.4354
20.742,ENGAGE,pursuit,1,0.6122,-1.4662,7.5494,7.7148,0.08091,123.973,128.578,0.034,7.7054,0.0160,1.5000,0.0035,0.0000,-1.8707,2.3453,-0.0020,128.6090,0.4980,0.1706,-0.0178,0.6571,6.5000,-3.8640,0.5000,7.4080
20.793,ENGAGE,pursuit,1,0.6122,-1.4662,7.5494,7.7148,0.08091,123.902,128.579,0.034,7.7062,0.0160,1.5000,0.0035,0.0000,-1.8708,2.3452,0.0040,128.5382,0.5040,0.1734,-0.0194,0.6587,6.5000,-3.8160,0.5000,7.3801
20.845,ENGAGE,pursuit,1,0.5508,-1.7723,7.3958,7.6251,0.07434,123.670,128.255,-1.876,7.6660,-0.1039,1.5000,-0.1965,0.0000,-1.8575,2.3558,0.0090,127.9292,0.5090,0.1788,-0.0227,0.6614,6.5000,-3.8160,0.5000,7.3738
20.896,ENGAGE,pursuit,1,0.5318,-2.0216,7.2955,7.5891,0.07276,123.550,127.940,-4.471,7.6250,-0.3143,1.5000,-0.4682,0.0000,-1.8445,2.3660,0.0200,127.7185,0.5200,0.1913,-0.0305,0.6668,6.5000,-3.7200,0.5000,7.3103
20.946,ENGAGE,pursuit,1,0.4557,-2.2212,7.1771,7.5267,0.06342,123.498,127.424,-7.948,7.5680,-0.5594,1.5000,-0.8323,0.0000,-1.8231,2.3825,0.0270,127.1312,0.5270,0.2055,-0.0395,0.6716,6.5000,-3.6240,0.5000,7.2457
20.996,ENGAGE,pursuit,1,0.4159,-2.3538,7.1205,7.5110,0.05835,123.523,126.946,-8.909,7.5255,-0.6463,1.5000,-0.9329,0.0000,-1.8032,2.3976,0.0310,126.8660,0.5310,0.2115,-0.0433,0.6734,6.5000,-3.6240,0.5000,7.2385
21.047,ENGAGE,pursuit,1,0.4159,-2.3538,7.1205,7.5110,0.05835,123.575,126.501,-8.909,7.4932,-0.6463,1.5000,-0.9329,0.0000,-1.7845,2.4115,0.0360,126.9178,0.5360,0.2226,-0.0503,0.6762,6.5000,-3.5760,0.5000,7.2019
21.098,ENGAGE,pursuit,1,0.3217,-2.4152,7.0008,7.4127,0.04591,123.726,126.206,-8.023,7.4368,-0.7171,1.5000,-0.8402,0.0000,-1.7721,2.4207,0.0440,126.3568,0.5440,0.2428,-0.0632,0.6804,6.5000,-3.5280,0.5000,7.1547
21.149,ENGAGE,pursuit,1,0.2698,-2.4649,6.9658,7.3939,0.03871,123.954,125.988,-5.875,7.3974,-0.7376,1.5000,-0.6153,0.0000,-1.7629,2.4274,0.0470,126.1716,0.5470,0.2691,-0.0799,0.6844,6.5000,-3.4800,0.5000,7.1006
21.200,ENGAGE,pursuit,1,0.2698,-2.4649,6.9658,7.3939,0.03871,124.044,125.695,-5.875,7.3606,-0.7376,1.5000,-0.6153,0.0000,-1.7504,2.4364,0.0500,126.2623,0.5500,0.2787,-0.0860,0.6856,6.5000,-3.4320,0.5000,7.0664
21.252,ENGAGE,pursuit,1,0.2093,-2.4723,6.9019,7.3343,0.03032,124.416,125.777,-3.661,7.3290,-0.7219,1.5000,-0.3834,0.0000,-1.7539,2.4339,0.0520,126.1536,0.5520,0.2957,-0.0968,0.6874,6.5000,-3.3840,0.5000,7.0238
21.302,ENGAGE,pursuit,1,0.1500,-2.4471,6.8371,7.2634,0.02193,124.787,125.819,-1.010,7.2781,-0.8090,1.5000,-0.1058,0.0000,-1.7557,2.4326,0.0560,126.0438,0.5560,0.3253,-0.1155,0.6897,6.5000,-3.3360,0.5000,6.9666
21.353,ENGAGE,pursuit,1,0.0447,-2.3964,6.7703,7.1820,0.00660,125.123,125.635,-2.601,7.2099,-0.9745,1.5000,-0.2724,0.0000,-1.7478,2.4382,0.0560,125.5008,0.5560,0.3372,-0.1230,0.6904,6.5000,-3.2880,0.5000,6.9306
21.404,ENGAGE,pursuit,1,0.0447,-2.3964,6.7703,7.1820,0.00660,125.442,125.505,-2.601,7.1611,-0.9745,1.5000,-0.2724,0.0000,-1.7423,2.4422,0.0570,125.8204,0.5570,0.3579,-0.1359,0.6913,6.5000,-3.2400,0.5000,6.8845
21.456,ENGAGE,pursuit,1,-0.0597,-2.3333,6.7169,7.1109,-0.00888,125.963,125.414,-2.367,7.1117,-0.9767,1.5000,-0.2479,0.0000,-1.7385,2.4449,0.0580,125.4545,0.5580,0.3980,-0.1610,0.6925,6.5000,-3.1920,0.5000,6.8160
21.506,ENGAGE,pursuit,1,-0.1249,-2.2471,6.6481,7.0187,-0.01879,126.342,125.281,-2.546,7.0407,-1.1067,1.5000,-0.2666,0.0000,-1.7328,2.4490,0.0580,125.2659,0.5580,0.4367,-0.1849,0.6928,6.5000,-3.1440,0.5000,6.7496
21.558,ENGAGE,pursuit,1,-0.1249,-2.2471,6.6481,7.0187,-0.01879,126.486,125.154,-2.546,6.9854,-1.1067,1.5000,-0.2666,0.0000,-1.7273,2.4528,0.0570,125.4095,0.5570,0.4520,-0.1942,0.6928,6.5000,-3.1440,0.5000,6.7318
21.608,ENGAGE,pursuit,1,-0.1857,-2.1668,6.6116,6.9601,-0.02809,127.017,125.217,-1.419,6.9451,-1.0624,1.5000,-0.1486,0.0000,-1.7300,2.4509,0.0570,125.4077,0.5570,0.4782,-0.2102,0.6927,6.5000,-3.1440,0.5000,6.7012
21.659,ENGAGE,pursuit,1,-0.2479,-2.0810,6.5798,6.9055,-0.03766,127.403,125.195,-0.835,6.8987,-1.0222,1.5000,-0.0874,0.0000,-1.7291,2.4516,0.0540,125.2449,0.5540,0.5224,-0.2370,0.6921,6.5000,-3.0000,0.5000,6.5881
21.709,ENGAGE,pursuit,1,-0.2630,-1.9919,6.5466,6.8479,-0.04015,127.623,125.238,0.168,6.8478,-1.0213,1.5000,0.0175,0.0000,-1.7309,2.4503,0.0520,125.3222,0.5520,0.5455,-0.2509,0.6917,6.5000,-2.9520,0.5000,6.5413
21.761,ENGAGE,pursuit,1,-0.2630,-1.9919,6.5466,6.8479,-0.04015,127.787,125.246,0.168,6.7967,-1.0213,1.5000,0.0175,0.0000,-1.7313,2.4500,0.0510,125.4868,0.5510,0.5752,-0.2686,0.6910,6.5000,-2.9040,0.5000,6.4872
21.812,ENGAGE,pursuit,1,-0.4501,-1.8573,6.4125,6.6912,-0.07008,127.954,124.597,-3.643,6.7184,-1.1002,1.5000,-0.3815,0.0000,-1.7034,2.4695,0.0490,123.9390,0.5490,0.6249,-0.2980,0.6896,6.5000,-2.8640,0.5000,6.4138
21.863,ENGAGE,pursuit,1,-0.5052,-1.7587,6.3658,6.6236,-0.07919,127.989,123.933,-9.336,6.6435,-1.2179,1.5000,-0.9776,0.0000,-1.6747,2.4891,0.0470,123.4517,0.5470,0.6770,-0.3284,0.6880,6.5000,-2.8160,0.5000,6.3349
21.914,ENGAGE,pursuit,1,-0.5052,-1.7587,6.3658,6.6236,-0.07919,127.973,123.466,-9.336,6.5826,-1.2179,1.5000,-0.9776,0.0000,-1.6543,2.5026,0.0440,123.4360,0.5440,0.6971,-0.3401,0.6874,6.5000,-2.7680,0.5000,6.2931
21.965,ENGAGE,pursuit,1,-0.5501,-1.6545,6.2951,6.5321,-0.08716,127.856,122.931,-9.742,6.5269,-1.2026,1.5000,-1.0202,0.0000,-1.6309,2.5180,0.0390,122.8621,0.5390,0.7314,-0.3598,0.6862,6.5000,-2.7680,0.5000,6.2539
22.016,ENGAGE,pursuit,1,-0.6443,-1.5566,6.2380,6.4615,-0.10292,127.604,122.075,-14.098,6.4641,-1.2183,1.5000,-1.4763,0.0000,-1.5931,2.5420,0.0370,121.7072,0.5370,0.7953,-0.3961,0.6840,6.5000,-2.6240,0.5000,6.1271
22.066,ENGAGE,pursuit,1,-0.6878,-1.4359,6.1305,6.3339,-0.11173,127.285,121.127,-16.982,6.3685,-1.4232,1.5000,-1.7784,0.0000,-1.5508,2.5681,0.0320,120.8830,0.5320,0.8544,-0.4291,0.6820,6.5000,-2.5760,0.5000,6.0428
22.116,ENGAGE,pursuit,1,-0.7766,-1.3403,6.0549,6.2499,-0.12756,127.018,119.993,-20.391,6.2736,-1.5656,1.5656,-2.2287,0.0000,-1.4997,2.5983,0.0280,119.7088,0.5280,0.8771,-0.4417,0.6812,6.5000,-2.5760,0.5000,6.0171
22.167,ENGAGE,pursuit,1,-0.7766,-1.3403,6.0549,6.2499,-0.12756,126.706,118.974,-20.391,6.1953,-1.5656,1.5656,-2.2287,0.0000,-1.4532,2.6245,0.0280,119.3972,0.5280,0.9155,-0.4629,0.6799,6.5000,-2.5280,0.5000,5.9569
22.218,ENGAGE,pursuit,1,-0.8136,-1.2436,5.9764,6.1584,-0.13530,126.141,118.172,-19.111,6.1377,-1.5048,1.5048,-2.0077,0.0000,-1.4163,2.6446,0.0230,118.3890,0.5230,0.9784,-0.4972,0.6778,6.5000,-2.4320,0.5000,5.8534
22.270,ENGAGE,pursuit,1,-0.8936,-1.1502,5.8856,6.0631,-0.15068,125.583,117.083,-20.685,6.0628,-1.5029,1.5029,-2.1703,0.0000,-1.3658,2.6710,0.0170,116.9495,0.5170,1.0514,-0.5365,0.6754,6.5000,-2.3840,0.5000,5.7560
22.320,ENGAGE,pursuit,1,-0.9220,-1.0530,5.8003,5.9668,-0.15765,125.156,116.086,-20.244,5.9772,-1.5645,1.5645,-2.2111,0.0000,-1.3192,2.6944,0.0150,116.1233,0.5150,1.0762,-0.5496,0.6746,6.5000,-2.3360,0.5000,5.7130
22.371,ENGAGE,pursuit,1,-0.9220,-1.0530,5.8003,5.9668,-0.15765,124.697,115.074,-20.244,5.8990,-1.5645,1.5645,-2.2111,0.0000,-1.2714,2.7173,0.0120,115.6645,0.5120,1.1435,-0.5851,0.6726,6.5000,-2.2880,0.5000,5.6233
22.422,ENGAGE,pursuit,1,-0.9452,-0.9667,5.7050,5.8630,-0.16419,123.930,114.292,-18.881,5.8419,-1.5022,1.5022,-1.9802,0.0000,-1.2342,2.7344,0.0100,114.5228,0.5100,1.1864,-0.6073,0.6714,6.5000,-2.2880,0.5000,5.5757
22.472,ENGAGE,pursuit,1,-1.0091,-0.8838,5.5902,5.7489,-0.17859,123.222,113.169,-20.998,5.7578,-1.5550,1.5550,-2.2796,0.0000,-1.1803,2.7581,0.0050,112.9894,0.5050,1.2562,-0.6432,0.6695,6.5000,-2.1920,0.5000,5.4704
22.524,ENGAGE,pursuit,1,-1.0207,-0.8066,5.4862,5.6384,-0.18395,122.383,111.981,-22.641,5.6592,-1.6793,1.6793,-2.6543,0.0000,-1.1229,2.7819,0.0020,111.8433,0.5020,1.3363,-0.6836,0.6675,6.5000,-2.1440,0.5000,5.3688
22.574,ENGAGE,pursuit,1,-1.0347,-0.7335,5.4169,5.5634,-0.18875,121.630,110.833,-22.836,5.5693,-1.7144,1.7144,-2.7332,0.0000,-1.0669,2.8039,-0.0020,110.8160,0.4980,1.4090,-0.7196,0.6659,6.5000,-2.0560,0.5000,5.2661
22.623,ENGAGE,pursuit,1,-1.0392,-0.6660,5.3061,5.4478,-0.19340,120.756,109.683,-22.934,5.4657,-1.8213,1.8213,-2.9160,0.0000,-1.0104,2.8247,-0.0040,109.6744,0.4960,1.4366,-0.7331,0.6653,6.5000,-2.0080,0.5000,5.2241
22.674,ENGAGE,pursuit,1,-1.0820,-0.6065,5.2053,5.3510,-0.20495,120.200,108.496,-23.402,5.3628,-1.8915,1.8915,-3.0903,0.0000,-0.9517,2.8450,-0.0070,108.4571,0.4930,1.5109,-0.7691,0.6638,6.5000,-1.9600,0.5000,5.1319
22.726,ENGAGE,pursuit,1,-1.0820,-0.6065,5.2053,5.3510,-0.20495,119.415,107.326,-23.402,5.2683,-1.8915,1.8915,-3.0903,0.0000,-0.8934,2.8639,-0.0100,107.6716,0.4900,1.5959,-0.8094,0.6623,6.5000,-1.9120,0.5000,5.0292
22.777,ENGAGE,pursuit,1,-1.1279,-0.5518,5.0944,5.2469,-0.21789,118.505,106.088,-23.800,5.2103,-1.7841,1.7841,-2.9644,0.0000,-0.8314,2.8825,-0.0120,106.0207,0.4880,1.6436,-0.8317,0.6616,6.5000,-1.8640,0.5000,4.9675
22.829,ENGAGE,pursuit,1,-1.1141,-0.4929,4.9661,5.1133,-0.22068,117.700,104.977,-22.904,5.1172,-1.8061,1.8061,-2.8880,0.0000,-0.7753,2.8981,-0.0150,105.0562,0.4850,1.7209,-0.8671,0.6604,6.5000,-1.8160,0.5000,4.8750
22.879,ENGAGE,pursuit,1,-1.1551,-0.4493,4.8615,5.0170,-0.23328,116.770,103.618,-25.447,5.0219,-1.8356,1.8356,-3.2609,0.0000,-0.7064,2.9157,-0.0170,103.4044,0.4830,1.7991,-0.9022,0.6594,6.5000,-1.7200,0.5000,4.7742
22.931,ENGAGE,pursuit,1,-1.1056,-0.4099,4.7993,4.9420,-0.22641,115.588,102.481,-23.897,4.9361,-1.8013,1.8013,-3.0052,0.0000,-0.6483,2.9291,-0.0200,102.6154,0.4800,1.8782,-0.9368,0.6586,6.5000,-1.6720,0.5000,4.6826
22.983,ENGAGE,pursuit,1,-1.1436,-0.3750,4.6961,4.8478,-0.23888,114.745,101.172,-25.237,4.8469,-1.7961,1.7961,-3.1645,0.0000,-0.5813,2.9431,-0.0210,101.0582,0.4790,1.9682,-0.9753,0.6577,6.5000,-1.5760,0.5000,4.5742
23.033,ENGAGE,pursuit,1,-1.1207,-0.3374,4.5813,4.7284,-0.23991,114.136,100.150,-22.402,4.7428,-1.8809,1.8809,-2.9417,0.0000,-0.5287,2.9531,-0.0240,100.3896,0.4760,2.0490,-1.0088,0.6571,6.5000,-1.5280,0.5000,4.4839
23.085,ENGAGE,pursuit,1,-1.1536,-0.3110,4.4744,4.6312,-0.25232,113.150,98.861,-24.383,4.6400,-1.9325,1.9325,-3.2896,0.0000,-0.4621,2.9642,-0.0250,98.6930,0.4750,2.0795,-1.0213,0.6569,6.5000,-1.4800,0.5000,4.4470
23.136,ENGAGE,pursuit,1,-1.1377,-0.2863,4.3803,4.5347,-0.25412,112.272,97.677,-23.970,4.5390,-1.9580,1.9580,-3.2766,0.0000,-0.4008,2.9731,-0.0260,97.7123,0.4740,2.1614,-1.0539,0.6564,6.5000,-1.4320,0.5000,4.3579
23.188,ENGAGE,pursuit,1,-1.1377,-0.2863,4.3803,4.5347,-0.25412,111.635,96.479,-23.970,4.4411,-1.9580,1.9580,-3.2766,0.0000,-0.3385,2.9808,-0.0280,97.0752,0.4720,2.2129,-1.0740,0.6561,6.5000,-1.4320,0.5000,4.3049
23.239,ENGAGE,pursuit,1,-1.1673,-0.2670,4.2730,4.4376,-0.26668,110.599,95.300,-23.856,4.3904,-1.8207,1.8207,-3.0323,0.0000,-0.2771,2.9872,-0.0290,95.3193,0.4710,2.3062,-1.1094,0.6558,6.5000,-1.3360,0.5000,4.2028
23.293,ENGAGE,pursuit,1,-1.1446,-0.2461,4.1796,4.3405,-0.26731,109.673,94.232,-22.397,4.3199,-1.7011,1.7011,-2.6597,0.0000,-0.2214,2.9918,-0.0300,94.3579,0.4700,2.3898,-1.1399,0.6556,6.5000,-1.2880,0.5000,4.1158
23.341,ENGAGE,pursuit,1,-1.1251,-0.2301,4.0891,4.2473,-0.26850,108.316,93.022,-23.466,4.2411,-1.6643,1.6643,-2.7266,0.0000,-0.1582,2.9958,-0.0310,92.9322,0.4690,2.4741,-1.1695,0.6555,6.5000,-1.2400,0.5000,4.0295
23.391,ENGAGE,pursuit,1,-1.1542,-0.2201,3.9884,4.1579,-0.28170,107.196,91.453,-28.138,4.1579,-1.6643,1.6643,-3.2693,0.0000,-0.0761,2.9990,-0.0320,91.0562,0.4680,2.5589,-1.1982,0.6555,6.5000,-1.1440,0.5000,3.9445
23.442,ENGAGE,pursuit,1,-1.1352,-0.2082,3.9015,4.0687,-0.28314,106.193,90.008,-28.584,4.0717,-1.6820,1.6820,-3.3564,0.0000,-0.0004,3.0000,-0.0320,89.9702,0.4680,2.6550,-1.2291,0.6555,6.5000,-1.0960,0.5000,3.8505
23.493,ENGAGE,pursuit,1,-1.1543,-0.2014,3.7928,3.9697,-0.29542,105.464,88.558,-28.826,3.9786,-1.7349,1.7349,-3.4913,0.0000,0.0755,2.9991,-0.0330,88.5379,0.4670,2.6871,-1.2392,0.6556,6.5000,-1.0480,0.5000,3.8208
23.544,ENGAGE,pursuit,1,-1.0899,-0.1892,3.7268,3.8875,-0.28451,104.273,87.544,-23.798,3.8897,-1.7477,1.7477,-2.9037,0.0000,0.1285,2.9972,-0.0330,87.9716,0.4670,2.7732,-1.2651,0.6557,6.5000,-0.9520,0.5000,3.7431
23.595,ENGAGE,pursuit,1,-1.0899,-0.1892,3.7268,3.8875,-0.28451,103.206,86.354,-23.798,3.8023,-1.7477,1.7477,-2.9037,0.0000,0.1908,2.9939,-0.0330,86.9047,0.4670,2.8598,-1.2898,0.6560,6.5000,-0.9040,0.5000,3.6639
23.646,ENGAGE,pursuit,1,-1.1177,-0.1865,3.6302,3.8029,-0.29867,102.428,85.240,-23.352,3.7589,-1.6180,1.6180,-2.6378,0.0000,0.2489,2.9897,-0.0330,85.3161,0.4670,2.9142,-1.3047,0.6561,6.5000,-0.8640,0.5000,3.6162
23.699,ENGAGE,pursuit,1,-1.0992,-0.1810,3.5496,3.7203,-0.30030,100.834,83.850,-25.892,3.6992,-1.4972,1.5000,-2.7114,0.0000,0.3214,2.9827,-0.0330,83.6281,0.4670,3.0124,-1.3301,0.6565,6.5000,-0.8160,0.5000,3.5288
23.749,ENGAGE,pursuit,1,-1.1134,-0.1803,3.4553,3.6347,-0.31173,99.524,82.110,-31.208,3.6295,-1.4662,1.5000,-3.2681,0.0000,0.4118,2.9716,-0.0320,81.6636,0.4680,3.1001,-1.3512,0.6568,6.5000,-0.7680,0.5000,3.4531
23.799,ENGAGE,pursuit,1,-1.0940,-0.1766,3.3741,3.5515,-0.31353,98.353,80.469,-32.165,3.5538,-1.4804,1.5000,-3.3683,0.0000,0.4967,2.9586,-0.0320,80.3888,0.4680,3.1883,-1.3709,0.6573,6.5000,-0.6720,0.5000,3.3883
23.851,ENGAGE,pursuit,1,-1.1250,-0.1802,3.2923,3.4838,-0.32926,96.642,78.319,-38.609,3.4818,-1.4684,1.5000,-4.0431,0.0000,0.6074,2.9379,-0.0320,77.7770,0.4680,3.2767,-1.3892,0.6577,6.5000,-0.6240,0.5000,3.3166
23.900,ENGAGE,pursuit,1,-1.1072,-0.1781,3.2138,3.4039,-0.33179,95.769,76.574,-36.404,3.4061,-1.4819,1.5000,-3.8122,0.0000,0.6966,2.9180,-0.0310,76.7595,0.4690,3.3766,-1.4079,0.6582,6.5000,-0.5280,0.5000,3.2488
23.950,ENGAGE,pursuit,1,-1.0840,-0.1756,3.1338,3.3206,-0.33301,94.349,75.011,-33.359,3.3263,-1.5157,1.5157,-3.5299,0.0000,0.7759,2.8979,-0.0310,75.2684,0.4690,3.4100,-1.4137,0.6584,6.5000,-0.5280,0.5000,3.2184
24.001,ENGAGE,pursuit,1,-1.1164,-0.1816,3.0580,3.2605,-0.35004,93.084,73.186,-35.233,3.2555,-1.4862,1.5000,-3.6896,0.0000,0.8678,2.8717,-0.0300,73.0281,0.4700,3.4991,-1.4281,0.6589,6.5000,-0.4320,0.5000,3.1658
24.053,ENGAGE,pursuit,1,-1.1019,-0.1812,2.9894,3.1911,-0.35316,92.163,71.676,-32.296,3.1862,-1.4572,1.5000,-3.3821,0.0000,0.9432,2.8479,-0.0290,71.9281,0.4710,3.5885,-1.4408,0.6595,6.5000,-0.3840,0.5000,3.1014
24.103,ENGAGE,pursuit,1,-1.1359,-0.1891,2.9206,3.1394,-0.37092,90.284,69.547,-38.412,3.1263,-1.3797,1.5000,-4.0225,0.0000,1.0483,2.8109,-0.0290,69.0324,0.4710,3.6894,-1.4530,0.6602,6.5000,-0.2880,0.5000,3.0467
24.153,ENGAGE,pursuit,1,-1.1140,-0.1890,2.8465,3.0626,-0.37302,88.741,67.497,-39.948,3.0600,-1.3642,1.5000,-4.1833,0.0000,1.1482,2.7716,-0.0270,67.3686,0.4730,3.7791,-1.4620,0.6609,6.5000,-0.2400,0.5000,2.9870
24.204,ENGAGE,pursuit,1,-1.1140,-0.1890,2.8465,3.0626,-0.37302,87.359,65.500,-39.948,2.9918,-1.3642,1.5000,-4.1833,0.0000,1.2441,2.7299,-0.0260,65.9864,0.4740,3.8690,-1.4691,0.6616,6.5000,-0.1920,0.5000,2.9290
24.255,ENGAGE,pursuit,1,-1.1026,-0.1909,2.7882,3.0044,-0.37659,86.353,64.139,-36.180,2.9640,-1.2446,1.5000,-3.7888,0.0000,1.3086,2.6996,-0.0240,64.7759,0.4760,3.9252,-1.4726,0.6620,6.5000,-0.1440,0.5000,2.9019
24.305,ENGAGE,pursuit,1,-1.1376,-0.2013,2.7298,2.9642,-0.39485,84.293,62.000,-40.100,2.9330,-1.0591,1.5000,-4.1992,0.0000,1.4084,2.6488,-0.0220,61.6699,0.4780,4.0151,-1.4766,0.6628,6.5000,-0.0960,0.5000,2.8473
24.359,ENGAGE,pursuit,1,-1.1247,-0.2038,2.6705,2.9048,-0.39860,82.597,59.877,-41.436,2.8924,-0.9891,1.5000,-4.3392,0.0000,1.5056,2.5948,-0.0210,59.7586,0.4790,4.1163,-1.4786,0.6637,6.5000,-0.0080,0.5000,2.8056
24.410,ENGAGE,pursuit,1,-1.1050,-0.2060,2.6081,2.8400,-0.40074,81.080,57.962,-39.594,2.8415,-0.9978,1.5000,-4.1463,0.0000,1.5914,2.5431,-0.0190,58.1189,0.4810,4.2061,-1.4782,0.6645,6.5000,0.0400,0.5000,2.7557
24.461,ENGAGE,pursuit,1,-1.1320,-0.2175,2.5607,2.8082,-0.41624,78.859,55.496,-45.334,2.7999,-0.9487,1.5000,-4.7473,0.0000,1.6994,2.4723,-0.0180,55.0100,0.4820,4.2957,-1.4757,0.6653,6.5000,0.0880,0.5000,2.7076
24.511,ENGAGE,pursuit,1,-1.1660,-0.2308,2.5173,2.7838,-0.43379,77.038,52.707,-51.557,2.7681,-0.8555,1.5000,-5.3990,0.0000,1.8177,2.3866,-0.0150,52.1837,0.4850,4.3852,-1.4709,0.6661,6.5000,0.1840,0.5000,2.6905
24.561,ENGAGE,pursuit,1,-1.1544,-0.2348,2.4723,2.7386,-0.43684,75.406,50.253,-50.084,2.7320,-0.8163,1.5000,-5.2448,0.0000,1.9182,2.3066,-0.0140,50.3771,0.4860,4.4854,-1.4629,0.6670,6.5000,0.2320,0.5000,2.6380
24.613,ENGAGE,pursuit,1,-1.1345,-0.2378,2.4205,2.6838,-0.43831,74.224,48.430,-42.083,2.6875,-0.8380,1.5000,-4.4069,0.0000,1.9906,2.2444,-0.0110,49.1107,0.4890,4.5742,-1.4534,0.6677,6.5000,0.3280,0.5000,2.6287
24.663,ENGAGE,pursuit,1,-1.1225,-0.2421,2.3800,2.6426,-0.44071,72.289,46.682,-37.850,2.6441,-0.8468,1.5000,-3.9637,0.0000,2.0581,2.1827,-0.0100,47.0382,0.4900,4.6074,-1.4492,0.6680,6.5000,0.3280,0.5000,2.6016
24.713,ENGAGE,pursuit,1,-1.1225,-0.2421,2.3800,2.6426,-0.44071,70.556,44.789,-37.850,2.6017,-0.8468,1.5000,-3.9637,0.0000,2.1291,2.1135,-0.0090,45.3053,0.4910,4.6955,-1.4363,0.6688,6.5000,0.4240,0.5000,2.5972
24.765,ENGAGE,pursuit,1,-1.1536,-0.2568,2.3512,2.6315,-0.45612,69.300,43.032,-37.053,2.5954,-0.7401,1.5000,-3.8802,0.0000,2.1929,2.0472,-0.0060,43.1661,0.4940,4.7504,-1.4271,0.6693,6.5000,0.4240,0.5000,2.5527
24.815,ENGAGE,pursuit,1,-1.1400,-0.2614,2.3157,2.5943,-0.45747,66.727,40.847,-40.969,2.5764,-0.6343,1.5000,-4.2903,0.0000,2.2694,1.9621,-0.0050,40.5156,0.4950,4.8485,-1.4081,0.6702,6.5000,0.4720,0.5000,2.5082
24.870,ENGAGE,pursuit,1,-1.1628,-0.2770,2.2932,2.5860,-0.46928,64.625,38.268,-46.955,2.5653,-0.5176,1.5000,-4.9171,0.0000,2.3554,1.8580,-0.0030,37.7373,0.4970,4.9349,-1.3885,0.6709,6.5000,0.5680,0.5000,2.5113
24.918,ENGAGE,pursuit,1,-1.1467,-0.2812,2.2621,2.5517,-0.46916,62.741,35.890,-47.313,2.5456,-0.4811,1.5000,-4.9547,0.0000,2.4304,1.7587,0.0000,35.8603,0.5000,5.0206,-1.3664,0.6716,6.5000,0.6160,0.5000,2.4795
24.969,ENGAGE,pursuit,1,-1.1732,-0.2979,2.2536,2.5581,-0.47998,60.006,33.015,-53.324,2.5398,-0.3732,1.5000,-5.5841,0.0000,2.5156,1.6346,0.0010,32.5050,0.5010,5.1055,-1.3418,0.6722,6.5000,0.7120,0.5000,2.4885
25.021,ENGAGE,pursuit,1,-1.1126,-0.2895,2.2058,2.4874,-0.46716,57.762,30.672,-49.530,2.5043,-0.4723,1.5000,-5.1868,0.0000,2.5803,1.5304,0.0030,30.9951,0.5030,5.1997,-1.3111,0.6729,6.5000,0.7600,0.5000,2.4515
25.071,ENGAGE,pursuit,1,-1.1295,-0.3052,2.2012,2.4928,-0.47408,55.771,28.402,-47.062,2.4867,-0.4360,1.5000,-4.9283,0.0000,2.6389,1.4269,0.0040,28.6080,0.5040,5.2824,-1.2811,0.6734,6.5000,0.8080,0.5000,2.4242
25.122,ENGAGE,pursuit,1,-1.1511,-0.3220,2.2072,2.5100,-0.48072,54.335,26.420,-42.700,2.4875,-0.3036,1.5000,-4.4715,0.0000,2.6867,1.3349,0.0060,26.7917,0.5060,5.3640,-1.2484,0.6739,6.5000,0.9040,0.5000,2.4400
25.172,ENGAGE,pursuit,1,-1.1294,-0.3253,2.1895,2.4850,-0.47621,52.874,24.937,-34.997,2.4787,-0.2660,1.5000,-3.6649,0.0000,2.7203,1.2649,0.0070,25.5890,0.5070,5.3943,-1.2355,0.6741,6.5000,0.9520,0.5000,2.4573
25.223,ENGAGE,pursuit,1,-1.1294,-0.3253,2.1895,2.4850,-0.47621,50.519,23.187,-34.997,2.4654,-0.2660,1.5000,-3.6649,0.0000,2.7577,1.1812,0.0080,23.2345,0.5080,5.4443,-1.2132,0.6743,6.5000,0.9520,0.5000,2.4152
25.274,ENGAGE,pursuit,1,-1.1463,-0.3414,2.2041,2.5077,-0.47956,48.435,21.198,-36.424,2.4799,-0.1833,1.5000,-3.8143,0.0000,2.7970,1.0848,0.0090,20.9576,0.5090,5.5331,-1.1705,0.6748,6.5000,1.0480,0.5000,2.4264
25.323,ENGAGE,pursuit,1,-1.1144,-0.3426,2.1884,2.4796,-0.47101,46.929,19.659,-33.042,2.4751,-0.1568,1.5000,-3.4601,0.0000,2.8251,1.0093,0.0090,19.9424,0.5090,5.5623,-1.1556,0.6749,6.5000,1.0960,0.5000,2.4453
25.375,ENGAGE,pursuit,1,-1.1144,-0.3426,2.1884,2.4796,-0.47101,46.024,18.007,-33.042,2.4673,-0.1568,1.5000,-3.4601,0.0000,2.8531,0.9274,0.0100,19.0374,0.5100,5.6105,-1.1299,0.6751,6.5000,1.1360,0.5000,2.4405
25.426,ENGAGE,pursuit,1,-1.0909,-0.3448,2.1828,2.4644,-0.46348,43.900,16.850,-30.126,2.4620,-0.1494,1.5000,-3.1547,0.0000,2.8712,0.8696,0.0110,17.3448,0.5110,5.6864,-1.0867,0.6754,6.5000,1.1360,0.5000,2.3734
25.477,ENGAGE,pursuit,1,-1.0896,-0.3566,2.1946,2.4760,-0.46083,42.367,15.653,-26.487,2.4653,-0.0861,1.5000,-2.7737,0.0000,2.8887,0.8095,0.0120,15.9631,0.5120,5.7144,-1.0698,0.6754,6.5000,1.1840,0.5000,2.3932
25.528,ENGAGE,pursuit,1,-1.0896,-0.3566,2.1946,2.4760,-0.46083,40.829,14.329,-26.487,2.4610,-0.0861,1.5000,-2.7737,0.0000,2.9067,0.7425,0.0130,14.4251,0.5130,5.7607,-1.0410,0.6756,6.5000,1.2320,0.5000,2.3966
25.579,ENGAGE,pursuit,1,-1.0582,-0.3565,2.1840,2.4529,-0.45121,38.363,12.758,-27.935,2.4548,-0.0916,1.5000,-2.9253,0.0000,2.9259,0.6625,0.0130,12.5110,0.5130,5.8422,-0.9866,0.6758,6.5000,1.2800,0.5000,2.3666
25.629,ENGAGE,pursuit,1,-1.0165,-0.3535,2.1663,2.4189,-0.43873,36.194,11.209,-29.743,2.4345,-0.1848,1.5000,-3.1147,0.0000,2.9428,0.5832,0.0140,11.0571,0.5140,5.9128,-0.9356,0.6758,6.5000,1.3760,0.5000,2.3915
25.681,ENGAGE,pursuit,1,-1.0165,-0.3535,2.1663,2.4189,-0.43873,35.267,9.722,-29.743,2.4253,-0.1848,1.5000,-3.1147,0.0000,2.9569,0.5066,0.0140,10.1298,0.5140,5.9388,-0.9159,0.6758,6.5000,1.4240,0.5000,2.4127
25.733,ENGAGE,pursuit,1,-1.0110,-0.3645,2.1883,2.4379,-0.43279,33.108,8.273,-29.520,2.4270,-0.1530,1.5000,-3.0914,0.0000,2.9688,0.4317,0.0150,8.3114,0.5150,5.9815,-0.8823,0.6758,6.5000,1.4240,0.5000,2.3704
25.783,ENGAGE,pursuit,1,-0.9741,-0.3615,2.1775,2.4126,-0.42064,30.637,6.667,-31.059,2.4160,-0.1727,1.5000,-3.2525,0.0000,2.9797,0.3483,0.0150,6.5360,0.5150,6.0484,-0.8266,0.6757,6.5000,1.4720,0.5000,2.3491
25.834,ENGAGE,pursuit,0,,,,,,29.100,5.114,-31.059,2.4074,-0.1727,1.5000,-3.2525,0.0000,2.9797,0.3483,0.0150,6.5360,0.5160,6.0811,-0.7979,0.6756,6.5000,1.5200,0.5000,2.3620
25.886,ENGAGE,pursuit,0,,,,,,28.488,3.561,-31.059,2.3987,-0.1727,1.5000,-3.2525,0.0000,2.9797,0.3483,0.0150,6.5360,0.5160,6.1450,-0.7388,0.6754,6.5000,1.6160,0.5000,2.3879
25.936,ENGAGE,pursuit,0,,,,,,25.434,2.008,-31.059,2.3901,-0.1727,1.5000,-3.2525,0.0000,2.9797,0.3483,0.0150,6.5360,0.5160,6.1839,-0.7008,0.6752,6.5000,1.6160,0.5000,2.3448
25.986,ENGAGE,pursuit,0,,,,,,23.030,0.455,-31.059,2.3814,-0.1727,1.5000,-3.2525,0.0000,2.9797,0.3483,0.0150,6.5360,0.5160,6.2445,-0.6382,0.6748,6.5000,1.7120,0.5000,2.3705
26.037,ENGAGE,pursuit,0,,,,,,22.432,-1.098,-31.059,2.3728,-0.1727,1.5000,-3.2525,0.0000,2.9797,0.3483,0.0150,6.5360,0.5160,6.2667,-0.6142,0.6747,6.5000,1.7120,0.5000,2.3444
26.088,ENGAGE,pursuit,0,,,,,,20.952,-2.651,-31.059,2.3642,-0.1727,1.5000,-3.2525,0.0000,2.9797,0.3483,0.0150,6.5360,0.5150,6.3030,-0.5735,0.6744,6.5000,1.7600,0.5000,2.3483
26.139,ENGAGE,pursuit,0,,,,,,18.065,-4.204,-31.059,2.3555,-0.1727,1.5000,-3.2525,0.0000,2.9797,0.3483,0.0150,6.5360,0.5150,6.3664,-0.4984,0.6737,6.5000,1.8560,0.5000,2.3645
26.189,ENGAGE,pursuit,0,,,,,,15.827,-5.757,-31.059,2.3469,-0.1727,1.5000,-3.2525,0.0000,2.9797,0.3483,0.0150,6.5360,0.5140,6.4207,-0.4295,0.6730,6.5000,1.9040,0.5000,2.3413
26.240,ENGAGE,pursuit,0,,,,,,15.280,-7.310,-31.059,2.3383,-0.1727,1.5000,-3.2525,0.0000,2.9797,0.3483,0.0150,6.5360,0.5130,6.4406,-0.4032,0.6727,6.5000,1.9440,0.5000,2.3543
26.291,ENGAGE,pursuit,0,,,,,,13.938,-8.863,-31.059,2.3296,-0.1727,1.5000,-3.2525,0.0000,2.9797,0.3483,0.0150,6.5360,0.5120,6.4731,-0.3588,0.6723,6.5000,1.9920,0.5000,2.3573
26.342,ENGAGE,pursuit,0,,,,,,11.369,-10.416,-31.059,2.3210,-0.1727,1.5000,-3.2525,0.0000,2.9797,0.3483,0.0150,6.5360,0.5110,6.5236,-0.2864,0.6715,6.5000,1.9920,0.5000,2.2849
26.393,ENGAGE,pursuit,0,,,,,,10.149,-11.969,-31.059,2.3123,-0.1727,1.5000,-3.2525,0.0000,2.9797,0.3483,0.0150,6.5360,0.5100,6.5783,-0.2028,0.6707,6.5000,2.0880,0.5000,2.2985
26.444,ENGAGE,pursuit,0,,,,,,9.439,-13.522,-31.059,2.3037,-0.1727,1.5000,-3.2525,0.0000,2.9797,0.3483,0.0150,6.5360,0.5090,6.5961,-0.1744,0.6705,6.5000,2.1360,0.5000,2.3187
26.494,ENGAGE,pursuit,0,,,,,,7.854,-15.075,-31.059,2.2951,-0.1727,1.5000,-3.2525,0.0000,2.9797,0.3483,0.0150,6.5360,0.5070,6.6253,-0.1267,0.6701,6.5000,2.1360,0.5000,2.2725
26.545,ENGAGE,pursuit,0,,,,,,6.169,-16.628,-31.059,2.2864,-0.1727,1.5000,-3.2525,0.0000,2.9797,0.3483,0.0150,6.5360,0.5060,6.6707,-0.0490,0.6696,6.5000,2.2320,0.5000,2.2937
26.596,ENGAGE,pursuit,0,,,,,,5.770,-18.181,-31.059,2.2778,-0.1727,1.5000,-3.2525,0.0000,2.9797,0.3483,0.0150,6.5360,0.5050,6.6874,-0.0195,0.6695,6.5000,2.2800,0.5000,2.3133
26.647,ENGAGE,pursuit,0,,,,,,4.270,-19.733,-31.059,2.2692,-0.1727,1.5000,-3.2525,0.0000,2.9797,0.3483,0.0150,6.5360,0.5040,6.7147,0.0302,0.6693,6.5000,2.2800,0.5000,2.2664
26.698,ENGAGE,pursuit,0,,,,,,3.085,-21.286,-31.059,2.2605,-0.1727,1.5000,-3.2525,0.0000,2.9797,0.3483,0.0150,6.5360,0.5010,6.7628,0.1210,0.6691,6.5000,2.3760,0.5000,2.2766
26.748,ENGAGE,pursuit,0,,,,,,2.314,-22.839,-31.059,2.2519,-0.1727,1.5000,-3.2525,0.0000,2.9797,0.3483,0.0150,6.5360,0.5000,6.8043,0.2032,0.6690,6.5000,2.4240,0.5000,2.2479
26.799,ENGAGE,pursuit,0,,,,,,1.606,-24.392,-31.059,2.2432,-0.1727,1.5000,-3.2525,0.0000,2.9797,0.3483,0.0150,6.5360,0.4990,6.8196,0.2344,0.6691,6.5000,2.4720,0.5000,2.2667
26.854,BREAKOFF,pursuit,0,,,,,,0.961,-25.945,-31.059,2.2346,-0.1727,1.5000,-3.2525,0.0000,2.9797,0.3483,0.0150,6.5360,0.4980,6.8448,0.2867,0.6692,6.5000,2.4720,0.5000,2.2188
26.906,BREAKOFF,pursuit,0,,,,,,-0.137,-27.498,-31.059,2.2260,-0.1727,1.5000,-3.2525,0.0000,0.0000,0.0000,-1.0000,6.5360,0.4960,6.8844,0.3715,0.6694,6.5000,2.5200,0.5000,2.1892
26.956,BREAKOFF,pursuit,0,,,,,,-0.593,-29.051,-31.059,2.2173,-0.1727,1.5000,-3.2525,0.0000,0.0000,0.0000,-1.0000,6.5360,0.4950,6.9279,0.4682,0.6699,6.5000,2.6160,0.5000,2.1966
27.008,BREAKOFF,pursuit,0,,,,,,-0.997,-30.604,-31.059,2.2087,-0.1727,1.5000,-3.2525,0.0000,0.0000,0.0000,-1.0000,6.5360,0.4940,6.9422,0.5008,0.6705,6.5000,2.6640,0.5000,2.2145
27.059,BREAKOFF,pursuit,0,,,,,,-1.398,-32.157,-31.059,2.2001,-0.1727,1.5000,-3.2525,0.0000,0.0000,0.0000,-1.0000,6.5360,0.4930,6.9656,0.5556,0.6726,6.5000,2.6640,0.5000,2.1661
27.109,BREAKOFF,pursuit,0,,,,,,-2.124,-33.710,-31.059,2.1914,-0.1727,1.5000,-3.2525,0.0000,0.0000,0.0000,-1.0000,6.5360,0.4930,7.0023,0.6440,0.6788,6.5000,2.7600,0.5000,2.1822
27.160,BREAKOFF,pursuit,0,,,,,,-2.523,-35.263,-31.059,2.1828,-0.1727,1.5000,-3.2525,0.0000,0.0000,0.0000,-1.0000,6.5360,0.4950,7.0381,0.7327,0.6877,6.5000,2.8080,0.5000,2.1522
27.211,BREAKOFF,pursuit,0,,,,,,-2.732,-36.816,-31.059,2.1741,-0.1727,1.5000,-3.2525,0.0000,0.0000,0.0000,-1.0000,6.5360,0.4970,7.0772,0.8320,0.7011,6.5000,2.8560,0.5000,2.1142
27.262,BREAKOFF,pursuit,0,,,,,,-2.805,-38.369,-31.059,2.1655,-0.1727,1.5000,-3.2525,0.0000,0.0000,0.0000,-1.0000,6.5360,0.5060,7.1110,0.9194,0.7160,6.5000,2.9520,0.5000,2.1334
27.313,BREAKOFF,pursuit,0,,,,,,-2.787,-39.922,-31.059,2.1569,-0.1727,1.5000,-3.2525,0.0000,0.0000,0.0000,-1.0000,6.5360,0.5140,7.1234,0.9519,0.7225,6.5000,3.0000,0.5000,2.1524
27.362,BREAKOFF,pursuit,0,,,,,,-2.705,-41.475,-31.059,2.1482,-0.1727,1.5000,-3.2525,0.0000,0.0000,0.0000,-1.0000,6.5360,0.5320,7.1558,1.0371,0.7419,6.5000,3.0480,0.5000,2.1289
27.414,BREAKOFF,pursuit,0,,,,,,-2.395,-43.028,-31.059,2.1396,-0.1727,1.5000,-3.2525,0.0000,0.0000,0.0000,-1.0000,6.5360,0.5560,7.1909,1.1302,0.7673,6.5000,3.1360,0.5000,2.1382
27.465,BREAKOFF,pursuit,0,,,,,,-2.002,-44.581,-31.059,2.1310,-0.1727,1.5000,-3.2525,0.0000,0.0000,0.0000,-1.0000,6.5360,0.5670,7.2210,1.2101,0.7927,6.5000,3.1840,0.5000,2.1217
27.515,BREAKOFF,pursuit,0,,,,,,-1.564,-46.134,-31.059,2.1223,-0.1727,1.5000,-3.2525,0.0000,0.0000,0.0000,-1.0000,6.5360,0.5870,7.2498,1.2868,0.8206,6.5000,3.2320,0.5000,2.1092
27.567,BREAKOFF,pursuit,0,,,,,,-1.198,-47.686,-31.059,2.1137,-0.1727,1.5000,-3.2525,0.0000,0.0000,0.0000,-1.0000,6.5360,0.6230,7.2773,1.3602,0.8508,6.5000,3.3280,0.5000,2.1447
27.618,BREAKOFF,pursuit,0,,,,,,-0.357,-49.239,-31.059,2.1050,-0.1727,1.5000,-3.2525,0.0000,0.0000,0.0000,-1.0000,6.5360,0.6390,7.2939,1.4043,0.8706,6.5000,3.3280,0.5000,2.1139
27.669,BREAKOFF,pursuit,0,,,,,,0.400,-50.792,-31.059,2.0964,-0.1727,1.5000,-3.2525,0.0000,0.0000,0.0000,-1.0000,6.5360,0.6820,7.3225,1.4803,0.9071,6.5000,3.4240,0.5000,2.1495
27.719,BREAKOFF,pursuit,0,,,,,,1.101,-52.345,-31.059,2.0878,-0.1727,1.5000,-3.2525,0.0000,0.0000,0.0000,-1.0000,6.5360,0.7280,7.3467,1.5443,0.9403,6.5000,3.4720,0.5000,2.1510
27.771,BREAKOFF,pursuit,0,,,,,,1.922,-53.898,-31.059,2.0791,-0.1727,1.5000,-3.2525,0.0000,0.0000,0.0000,-1.0000,6.5360,0.7560,7.3695,1.6049,0.9736,6.5000,3.5680,0.5000,2.1986
27.822,BREAKOFF,pursuit,0,,,,,,2.954,-55.451,-31.059,2.0705,-0.1727,1.5000,-3.2525,0.0000,0.0000,0.0000,-1.0000,6.5360,0.8040,7.3912,1.6624,1.0070,6.5000,3.5680,0.5000,2.1639
27.872,BREAKOFF,pursuit,0,,,,,,3.663,-57.004,-31.059,2.0619,-0.1727,1.5000,-3.2525,0.0000,0.0000,0.0000,-1.0000,6.5360,0.8520,7.4141,1.7233,1.0442,6.5000,3.6640,0.5000,2.2131
27.923,BREAKOFF,pursuit,0,,,,,,4.450,-58.557,-31.059,2.0532,-0.1727,1.5000,-3.2525,0.0000,0.0000,0.0000,-1.0000,6.5360,0.8710,7.4332,1.7742,1.0770,6.5000,3.7600,0.5000,2.2687
27.973,BREAKOFF,pursuit,0,,,,,,5.109,-60.110,-31.059,2.0446,-0.1727,1.5000,-3.2525,0.0000,0.0000,0.0000,-1.0000,6.5360,0.9000,7.4510,1.8222,1.1093,6.5000,3.8080,0.5000,2.2846
28.024,BREAKOFF,pursuit,0,,,,,,5.560,-61.663,-31.059,2.0359,-0.1727,1.5000,-3.2525,0.0000,0.0000,0.0000,-1.0000,6.5360,0.9470,7.4574,1.8394,1.1214,6.5000,3.8560,0.5000,2.3172
28.075,BREAKOFF,pursuit,0,,,,,,6.241,-63.216,-31.059,2.0273,-0.1727,1.5000,-3.2525,0.0000,0.0000,0.0000,-1.0000,6.5360,0.9660,7.4756,1.8888,1.1572,6.5000,3.9040,0.5000,2.3334
28.125,BREAKOFF,pursuit,0,,,,,,6.795,-64.769,-31.059,2.0187,-0.1727,1.5000,-3.2525,0.0000,0.0000,0.0000,-1.0000,6.5360,0.9930,7.4905,1.9298,1.1886,6.5000,3.9920,0.5000,2.3891
28.177,BREAKOFF,pursuit,0,,,,,,7.164,-66.322,-31.059,2.0100,-0.1727,1.5000,-3.2525,0.0000,0.0000,0.0000,-1.0000,6.5360,1.0380,7.5042,1.9683,1.2197,6.5000,4.0400,0.5000,2.4121
28.227,BREAKOFF,pursuit,0,,,,,,7.835,-67.875,-31.059,2.0014,-0.1727,1.5000,-3.2525,0.0000,0.0000,0.0000,-1.0000,6.5360,1.0560,7.5122,1.9911,1.2390,6.5000,4.0880,0.5000,2.4428
28.279,BREAKOFF,pursuit,0,,,,,,8.305,-69.428,-31.059,1.9928,-0.1727,1.5000,-3.2525,0.0000,0.0000,0.0000,-1.0000,6.5360,1.1000,7.5241,2.0258,1.2696,6.5000,4.1360,0.5000,2.4687
28.331,BREAKOFF,pursuit,0,,,,,,8.668,-70.981,-31.059,1.9841,-0.1727,1.5000,-3.2525,0.0000,0.0000,0.0000,-1.0000,6.5360,1.1440,7.5363,2.0620,1.3038,6.5000,4.1840,0.5000,2.4945
28.382,BREAKOFF,pursuit,0,,,,,,9.108,-72.534,-31.059,1.9755,-0.1727,1.5000,-3.2525,0.0000,0.0000,0.0000,0.0000,6.5360,1.1690,7.5460,2.0921,1.3340,6.5000,4.2800,0.5000,2.5645
28.433,BREAKOFF,pursuit,0,,,,,,9.396,-74.087,-31.059,1.9668,-0.1727,1.5000,-3.2525,0.0000,0.0000,0.0000,0.0000,6.5360,1.2120,7.5546,2.1202,1.3640,6.5000,4.3280,0.5000,2.5949
28.483,BREAKOFF,pursuit,0,,,,,,9.607,-75.639,-31.059,1.9582,-0.1727,1.5000,-3.2525,0.0000,0.0000,0.0000,0.0000,6.5360,1.2520,7.5625,2.1467,1.3923,6.5000,4.4240,0.5000,2.6666
28.534,BREAKOFF,pursuit,0,,,,,,9.805,-77.192,-31.059,1.9496,-0.1727,1.5000,-3.2525,0.0000,0.0000,0.0000,0.0000,6.5360,1.2660,7.5706,2.1753,1.4197,6.5000,4.4720,0.5000,2.6958
28.586,BREAKOFF,pursuit,0,,,,,,9.909,-78.745,-31.059,1.9409,-0.1727,1.5000,-3.2525,0.0000,0.0000,0.0000,0.0000,6.5360,1.2860,7.5732,2.1845,1.4278,6.5000,4.5200,0.5000,2.7326
28.636,BREAKOFF,pursuit,0,,,,,,9.997,-80.298,-31.059,1.9323,-0.1727,1.5000,-3.2525,0.0000,0.0000,0.0000,0.0000,6.5360,1.2970,7.5773,2.1996,1.4401,6.5000,4.5200,0.5000,2.7255
28.689,BREAKOFF,pursuit,0,,,,,,10.093,-81.851,-31.059,1.9237,-0.1727,1.5000,-3.2525,0.0000,0.0000,0.0000,0.0000,6.5360,1.3220,7.5833,2.2229,1.4570,6.5000,4.5680,0.5000,2.7548
28.738,BREAKOFF,pursuit,0,,,,,,10.143,-83.404,-31.059,1.9150,-0.1727,1.5000,-3.2525,0.0000,0.0000,0.0000,0.0000,6.5360,1.3330,7.5888,2.2453,1.4708,6.5000,4.6640,0.5000,2.8246
28.789,BREAKOFF,pursuit,0,,,,,,10.180,-84.957,-31.059,1.9064,-0.1727,1.5000,-3.2525,0.0000,0.0000,0.0000,0.0000,6.5360,1.3400,7.5914,2.2561,1.4767,6.5000,4.7120,0.5000,2.8595
28.841,BREAKOFF,pursuit,0,,,,,,10.209,-86.510,-31.059,1.8977,-0.1727,1.5000,-3.2525,0.0000,0.0000,0.0000,0.0000,6.5360,1.3480,7.5944,2.2693,1.4833,6.5000,4.7120,0.5000,2.8515
28.893,BREAKOFF,pursuit,0,,,,,,10.206,-88.063,-31.059,1.8891,-0.1727,1.5000,-3.2525,0.0000,0.0000,0.0000,0.0000,6.5360,1.3580,7.5987,2.2896,1.4920,6.5000,4.7600,0.5000,2.8799
